experiment_id,pipeline,attack,poison_rate,seed,ground_truth_events,gt_events_required,correctly_recovered_events,missed_events,incorrectly_inferred_events,event_recovery_rate,source,metric,n,mean,median,sd,min,max,ci95_low,ci95_high,ci_method
EXP-BD-A-05-S001,A,BD,0.05,1,8,CLEAN_DATASET_CREATED;POISONED_DATASET_CREATED;TRAINING_STARTED;TRAINING_COMPLETED;COMPROMISED_MODEL_CREATED;MODEL_DEPLOYED;TRIGGER_SUBMITTED;MALICIOUS_PREDICTION,7,POISONED_DATASET_CREATED (no reconstructed event of a matching class),NOT MEASURED by implementation,0.875,experiments/pilot/pipeline_runs/EXP-BD-A-05-S001/evaluation.json,,,,,,,,,,
EXP-BD-A-05-S002,A,BD,0.05,2,8,CLEAN_DATASET_CREATED;POISONED_DATASET_CREATED;TRAINING_STARTED;TRAINING_COMPLETED;COMPROMISED_MODEL_CREATED;MODEL_DEPLOYED;TRIGGER_SUBMITTED;MALICIOUS_PREDICTION,7,POISONED_DATASET_CREATED (no reconstructed event of a matching class),NOT MEASURED by implementation,0.875,experiments/pilot/pipeline_runs/EXP-BD-A-05-S002/evaluation.json,,,,,,,,,,
EXP-BD-B-05-S001,B,BD,0.05,1,8,CLEAN_DATASET_CREATED;POISONED_DATASET_CREATED;TRAINING_STARTED;TRAINING_COMPLETED;COMPROMISED_MODEL_CREATED;MODEL_DEPLOYED;TRIGGER_SUBMITTED;MALICIOUS_PREDICTION,8,none,NOT MEASURED by implementation,1.0,experiments/pilot/pipeline_runs/EXP-BD-B-05-S001/evaluation.json,,,,,,,,,,
EXP-BD-B-05-S002,B,BD,0.05,2,8,CLEAN_DATASET_CREATED;POISONED_DATASET_CREATED;TRAINING_STARTED;TRAINING_COMPLETED;COMPROMISED_MODEL_CREATED;MODEL_DEPLOYED;TRIGGER_SUBMITTED;MALICIOUS_PREDICTION,7,POISONED_DATASET_CREATED (no reconstructed event of a matching class),NOT MEASURED by implementation,0.875,experiments/pilot/pipeline_runs/EXP-BD-B-05-S002/evaluation.json,,,,,,,,,,
EXP-BD-C-05-S001,C,BD,0.05,1,8,CLEAN_DATASET_CREATED;POISONED_DATASET_CREATED;TRAINING_STARTED;TRAINING_COMPLETED;COMPROMISED_MODEL_CREATED;MODEL_DEPLOYED;TRIGGER_SUBMITTED;MALICIOUS_PREDICTION,8,none,NOT MEASURED by implementation,1.0,experiments/pilot/pipeline_runs/EXP-BD-C-05-S001/evaluation.json,,,,,,,,,,
EXP-BD-C-05-S002,C,BD,0.05,2,8,CLEAN_DATASET_CREATED;POISONED_DATASET_CREATED;TRAINING_STARTED;TRAINING_COMPLETED;COMPROMISED_MODEL_CREATED;MODEL_DEPLOYED;TRIGGER_SUBMITTED;MALICIOUS_PREDICTION,8,none,NOT MEASURED by implementation,1.0,experiments/pilot/pipeline_runs/EXP-BD-C-05-S002/evaluation.json,,,,,,,,,,
EXP-CLEAN-A-00-S001,A,CLEAN,0.0,1,5,CLEAN_DATASET_CREATED;TRAINING_STARTED;TRAINING_COMPLETED;MODEL_CREATED;MODEL_DEPLOYED,5,none,NOT MEASURED by implementation,1.0,experiments/pilot/pipeline_runs/EXP-CLEAN-A-00-S001/evaluation.json,,,,,,,,,,
EXP-CLEAN-A-00-S002,A,CLEAN,0.0,2,5,CLEAN_DATASET_CREATED;TRAINING_STARTED;TRAINING_COMPLETED;MODEL_CREATED;MODEL_DEPLOYED,5,none,NOT MEASURED by implementation,1.0,experiments/pilot/pipeline_runs/EXP-CLEAN-A-00-S002/evaluation.json,,,,,,,,,,
EXP-CLEAN-B-00-S001,B,CLEAN,0.0,1,5,CLEAN_DATASET_CREATED;TRAINING_STARTED;TRAINING_COMPLETED;MODEL_CREATED;MODEL_DEPLOYED,5,none,NOT MEASURED by implementation,1.0,experiments/pilot/pipeline_runs/EXP-CLEAN-B-00-S001/evaluation.json,,,,,,,,,,
EXP-CLEAN-B-00-S002,B,CLEAN,0.0,2,5,CLEAN_DATASET_CREATED;TRAINING_STARTED;TRAINING_COMPLETED;MODEL_CREATED;MODEL_DEPLOYED,5,none,NOT MEASURED by implementation,1.0,experiments/pilot/pipeline_runs/EXP-CLEAN-B-00-S002/evaluation.json,,,,,,,,,,
EXP-CLEAN-C-00-S001,C,CLEAN,0.0,1,5,CLEAN_DATASET_CREATED;TRAINING_STARTED;TRAINING_COMPLETED;MODEL_CREATED;MODEL_DEPLOYED,5,none,NOT MEASURED by implementation,1.0,experiments/pilot/pipeline_runs/EXP-CLEAN-C-00-S001/evaluation.json,,,,,,,,,,
EXP-CLEAN-C-00-S002,C,CLEAN,0.0,2,5,CLEAN_DATASET_CREATED;TRAINING_STARTED;TRAINING_COMPLETED;MODEL_CREATED;MODEL_DEPLOYED,5,none,NOT MEASURED by implementation,1.0,experiments/pilot/pipeline_runs/EXP-CLEAN-C-00-S002/evaluation.json,,,,,,,,,,
EXP-LF-A-05-S001,A,LF,0.05,1,7,CLEAN_DATASET_CREATED;POISONED_DATASET_CREATED;TRAINING_STARTED;TRAINING_COMPLETED;COMPROMISED_MODEL_CREATED;MODEL_DEPLOYED;MALICIOUS_PREDICTION,6,POISONED_DATASET_CREATED (no reconstructed event of a matching class),NOT MEASURED by implementation,0.8571428571428571,experiments/pilot/pipeline_runs/EXP-LF-A-05-S001/evaluation.json,,,,,,,,,,
EXP-LF-A-05-S002,A,LF,0.05,2,7,CLEAN_DATASET_CREATED;POISONED_DATASET_CREATED;TRAINING_STARTED;TRAINING_COMPLETED;COMPROMISED_MODEL_CREATED;MODEL_DEPLOYED;MALICIOUS_PREDICTION,6,POISONED_DATASET_CREATED (no reconstructed event of a matching class),NOT MEASURED by implementation,0.8571428571428571,experiments/pilot/pipeline_runs/EXP-LF-A-05-S002/evaluation.json,,,,,,,,,,
EXP-LF-B-05-S001,B,LF,0.05,1,7,CLEAN_DATASET_CREATED;POISONED_DATASET_CREATED;TRAINING_STARTED;TRAINING_COMPLETED;COMPROMISED_MODEL_CREATED;MODEL_DEPLOYED;MALICIOUS_PREDICTION,6,POISONED_DATASET_CREATED (no reconstructed event of a matching class),NOT MEASURED by implementation,0.8571428571428571,experiments/pilot/pipeline_runs/EXP-LF-B-05-S001/evaluation.json,,,,,,,,,,
EXP-LF-B-05-S002,B,LF,0.05,2,7,CLEAN_DATASET_CREATED;POISONED_DATASET_CREATED;TRAINING_STARTED;TRAINING_COMPLETED;COMPROMISED_MODEL_CREATED;MODEL_DEPLOYED;MALICIOUS_PREDICTION,6,POISONED_DATASET_CREATED (no reconstructed event of a matching class),NOT MEASURED by implementation,0.8571428571428571,experiments/pilot/pipeline_runs/EXP-LF-B-05-S002/evaluation.json,,,,,,,,,,
EXP-LF-C-05-S001,C,LF,0.05,1,7,CLEAN_DATASET_CREATED;POISONED_DATASET_CREATED;TRAINING_STARTED;TRAINING_COMPLETED;COMPROMISED_MODEL_CREATED;MODEL_DEPLOYED;MALICIOUS_PREDICTION,7,none,NOT MEASURED by implementation,1.0,experiments/pilot/pipeline_runs/EXP-LF-C-05-S001/evaluation.json,,,,,,,,,,
EXP-LF-C-05-S002,C,LF,0.05,2,7,CLEAN_DATASET_CREATED;POISONED_DATASET_CREATED;TRAINING_STARTED;TRAINING_COMPLETED;COMPROMISED_MODEL_CREATED;MODEL_DEPLOYED;MALICIOUS_PREDICTION,7,none,NOT MEASURED by implementation,1.0,experiments/pilot/pipeline_runs/EXP-LF-C-05-S002/evaluation.json,,,,,,,,,,
AGGREGATE A (all),,,,,,,,,,,,event_recovery_rate,6,0.9107142857142856,0.875,0.06961995960577833,0.8571428571428571,1.0,0.8376526188558631,0.9837759525727081,"t (95%, df=5)"
AGGREGATE B (all),,,,,,,,,,,,event_recovery_rate,6,0.931547619047619,0.9375,0.07526879271293374,0.8571428571428571,1.0,0.8525578654027232,1.0105373726925149,"t (95%, df=5)"
AGGREGATE C (all),,,,,,,,,,,,event_recovery_rate,6,1.0,1.0,0.0,1.0,1.0,1.0,1.0,degenerate (sd=0)
AGGREGATE A (attacked),,,,,,,,,,,,event_recovery_rate,4,0.8660714285714286,0.8660714285714286,0.01030982623552906,0.8571428571428571,0.875,0.8496661943657403,0.8824766627771169,"t (95%, df=3)"
AGGREGATE B (attacked),,,,,,,,,,,,event_recovery_rate,4,0.8973214285714286,0.8660714285714286,0.06896803706105041,0.8571428571428571,1.0,0.7875778912076238,1.0070649659352335,"t (95%, df=3)"
AGGREGATE C (attacked),,,,,,,,,,,,event_recovery_rate,4,1.0,1.0,0.0,1.0,1.0,1.0,1.0,degenerate (sd=0)
