evidence_item,A,B,C,basis,source
DS1: identity of dataset state used for training (ID or content hash),YES,YES,YES,recovered-and-correct in evaluation.json of all pilot runs (18 runs); PARTIAL = recovered in some runs only,experiments/pilot/pipeline_runs/*/evaluation.json (evidence_completeness.items)
DS2: identity of an earlier registered dataset state,YES,YES,YES,recovered-and-correct in evaluation.json of all pilot runs (18 runs); PARTIAL = recovered in some runs only,experiments/pilot/pipeline_runs/*/evaluation.json (evidence_completeness.items)
DS3: lineage link between the two dataset states,NO,PARTIAL,YES,recovered-and-correct in evaluation.json of all pilot runs (18 runs); PARTIAL = recovered in some runs only,experiments/pilot/pipeline_runs/*/evaluation.json (evidence_completeness.items)
DS4: per-class profile of the training dataset,NO,YES,YES,recovered-and-correct in evaluation.json of all pilot runs (18 runs); PARTIAL = recovered in some runs only,experiments/pilot/pipeline_runs/*/evaluation.json (evidence_completeness.items)
DS5: sample-level description of the change (changed sample IDs),NO,NO,YES,recovered-and-correct in evaluation.json of all pilot runs (18 runs); PARTIAL = recovered in some runs only,experiments/pilot/pipeline_runs/*/evaluation.json (evidence_completeness.items)
TR1: training run identity,NO,YES,YES,recovered-and-correct in evaluation.json of all pilot runs (18 runs); PARTIAL = recovered in some runs only,experiments/pilot/pipeline_runs/*/evaluation.json (evidence_completeness.items)
TR2: training start and end times,YES,YES,YES,recovered-and-correct in evaluation.json of all pilot runs (18 runs); PARTIAL = recovered in some runs only,experiments/pilot/pipeline_runs/*/evaluation.json (evidence_completeness.items)
TR3: link training run -> dataset used,YES,YES,YES,recovered-and-correct in evaluation.json of all pilot runs (18 runs); PARTIAL = recovered in some runs only,experiments/pilot/pipeline_runs/*/evaluation.json (evidence_completeness.items)
"TR4: training hyper-parameters (epochs, batch size) correct",YES,YES,YES,recovered-and-correct in evaluation.json of all pilot runs (18 runs); PARTIAL = recovered in some runs only,experiments/pilot/pipeline_runs/*/evaluation.json (evidence_completeness.items)
TR5: code version (Git commit) of the training run,NO,YES,YES,recovered-and-correct in evaluation.json of all pilot runs (18 runs); PARTIAL = recovered in some runs only,experiments/pilot/pipeline_runs/*/evaluation.json (evidence_completeness.items)
"MO1: identity of the model artefact (path, registry version or hash)",YES,YES,YES,recovered-and-correct in evaluation.json of all pilot runs (18 runs); PARTIAL = recovered in some runs only,experiments/pilot/pipeline_runs/*/evaluation.json (evidence_completeness.items)
MO2: cryptographic hash of the model recorded at creation,NO,NO,YES,recovered-and-correct in evaluation.json of all pilot runs (18 runs); PARTIAL = recovered in some runs only,experiments/pilot/pipeline_runs/*/evaluation.json (evidence_completeness.items)
MO3: link model -> training run,YES,YES,YES,recovered-and-correct in evaluation.json of all pilot runs (18 runs); PARTIAL = recovered in some runs only,experiments/pilot/pipeline_runs/*/evaluation.json (evidence_completeness.items)
DE1: deployment record: time and deployed model identity,YES,YES,YES,recovered-and-correct in evaluation.json of all pilot runs (18 runs); PARTIAL = recovered in some runs only,experiments/pilot/pipeline_runs/*/evaluation.json (evidence_completeness.items)
IN1: record of the ticketed request with its prediction,YES,YES,YES,recovered-and-correct in evaluation.json of all pilot runs (18 runs); PARTIAL = recovered in some runs only,experiments/pilot/pipeline_runs/*/evaluation.json (evidence_completeness.items)
IN2: link ticketed request -> deployed model,NO,NO,YES,recovered-and-correct in evaluation.json of all pilot runs (18 runs); PARTIAL = recovered in some runs only,experiments/pilot/pipeline_runs/*/evaluation.json (evidence_completeness.items)
IN3: identity (hash) of the submitted input,NO,NO,YES,recovered-and-correct in evaluation.json of all pilot runs (18 runs); PARTIAL = recovered in some runs only,experiments/pilot/pipeline_runs/*/evaluation.json (evidence_completeness.items)
IG1: dataset integrity check result at training time,NO,NO,YES,recovered-and-correct in evaluation.json of all pilot runs (18 runs); PARTIAL = recovered in some runs only,experiments/pilot/pipeline_runs/*/evaluation.json (evidence_completeness.items)
IG2: deployed model integrity check (deployed == trained),YES,YES,YES,recovered-and-correct in evaluation.json of all pilot runs (18 runs); PARTIAL = recovered in some runs only,experiments/pilot/pipeline_runs/*/evaluation.json (evidence_completeness.items)
IG3: evidence-store integrity (hash chain verification),NO,NO,YES,recovered-and-correct in evaluation.json of all pilot runs (18 runs); PARTIAL = recovered in some runs only,experiments/pilot/pipeline_runs/*/evaluation.json (evidence_completeness.items)
raw source: application log (app.log),YES,YES,YES,file present in every pilot evidence directory of the pipeline,evidence/<mode>/RUN-*/
raw source: artefact listing (artifacts.json),YES,YES,YES,file present in every pilot evidence directory of the pipeline,evidence/<mode>/RUN-*/
raw source: MLflow reference (mlflow_ref.json),NO,YES,YES,file present in every pilot evidence directory of the pipeline,evidence/<mode>/RUN-*/
raw source: forensic event store (forensic_evidence.sqlite),NO,NO,YES,file present in every pilot evidence directory of the pipeline,evidence/<mode>/RUN-*/
raw source: per-sample manifests (manifests/),NO,NO,YES,file present in every pilot evidence directory of the pipeline,evidence/<mode>/RUN-*/
raw source: JSONL evidence export,NO,NO,YES,file present in every pilot evidence directory of the pipeline,evidence/<mode>/RUN-*/
