experiment_id,pipeline,attack,poison_rate,seed,dataset_identified,training_run_identified,model_identified,deployment_identified,poisoning_source_identified,attack_type_identified,implemented_rci_score,rci_percent,poisoning_source_precision,poisoning_source_recall,poisoning_source_f1,root_cause_finding,source,clean_control_correct,false_attribution,metric,n,mean,median,sd,min,max,ci95_low,ci95_high,ci_method
EXP-BD-A-05-S001,A,BD,0.05,1,1,1,1,"1 (CALCULATED: deployment hop identified, confidence WEAK; not an implemented RCI component)",0,0 (CALCULATED: finding INSUFFICIENT_EVIDENCE vs expected CONTENT_AND_LABEL_MODIFICATION; not an implemented RCI component),0.75,75.0,,0.0,0.0,INSUFFICIENT_EVIDENCE,experiments/pilot/pipeline_runs/EXP-BD-A-05-S001/evaluation.json,,,,,,,,,,,,
EXP-BD-A-05-S002,A,BD,0.05,2,1,1,1,"1 (CALCULATED: deployment hop identified, confidence WEAK; not an implemented RCI component)",0,0 (CALCULATED: finding INSUFFICIENT_EVIDENCE vs expected CONTENT_AND_LABEL_MODIFICATION; not an implemented RCI component),0.75,75.0,,0.0,0.0,INSUFFICIENT_EVIDENCE,experiments/pilot/pipeline_runs/EXP-BD-A-05-S002/evaluation.json,,,,,,,,,,,,
EXP-BD-B-05-S001,B,BD,0.05,1,1,1,1,"1 (CALCULATED: deployment hop identified, confidence WEAK; not an implemented RCI component)",0,0 (CALCULATED: finding DATASET_MODIFIED_UNSPECIFIED vs expected CONTENT_AND_LABEL_MODIFICATION; not an implemented RCI component),0.75,75.0,,0.0,0.0,DATASET_MODIFIED_UNSPECIFIED,experiments/pilot/pipeline_runs/EXP-BD-B-05-S001/evaluation.json,,,,,,,,,,,,
EXP-BD-B-05-S002,B,BD,0.05,2,1,1,1,"1 (CALCULATED: deployment hop identified, confidence WEAK; not an implemented RCI component)",0,0 (CALCULATED: finding INSUFFICIENT_EVIDENCE vs expected CONTENT_AND_LABEL_MODIFICATION; not an implemented RCI component),0.75,75.0,,0.0,0.0,INSUFFICIENT_EVIDENCE,experiments/pilot/pipeline_runs/EXP-BD-B-05-S002/evaluation.json,,,,,,,,,,,,
EXP-BD-C-05-S001,C,BD,0.05,1,1,1,1,"1 (CALCULATED: deployment hop identified, confidence STRONG; not an implemented RCI component)",1,1 (CALCULATED: finding CONTENT_AND_LABEL_MODIFICATION vs expected CONTENT_AND_LABEL_MODIFICATION; not an implemented RCI component),1.0,100.0,1.0,1.0,1.0,CONTENT_AND_LABEL_MODIFICATION,experiments/pilot/pipeline_runs/EXP-BD-C-05-S001/evaluation.json,,,,,,,,,,,,
EXP-BD-C-05-S002,C,BD,0.05,2,1,1,1,"1 (CALCULATED: deployment hop identified, confidence STRONG; not an implemented RCI component)",1,1 (CALCULATED: finding CONTENT_AND_LABEL_MODIFICATION vs expected CONTENT_AND_LABEL_MODIFICATION; not an implemented RCI component),1.0,100.0,1.0,1.0,1.0,CONTENT_AND_LABEL_MODIFICATION,experiments/pilot/pipeline_runs/EXP-BD-C-05-S002/evaluation.json,,,,,,,,,,,,
EXP-CLEAN-A-00-S001,A,CLEAN,0.0,1,NOT APPLICABLE,NOT APPLICABLE,NOT APPLICABLE,NOT APPLICABLE,NOT APPLICABLE,NOT APPLICABLE,NOT APPLICABLE,,,,,INSUFFICIENT_EVIDENCE,experiments/pilot/pipeline_runs/EXP-CLEAN-A-00-S001/evaluation.json,False,False,,,,,,,,,,
EXP-CLEAN-A-00-S002,A,CLEAN,0.0,2,NOT APPLICABLE,NOT APPLICABLE,NOT APPLICABLE,NOT APPLICABLE,NOT APPLICABLE,NOT APPLICABLE,NOT APPLICABLE,,,,,INSUFFICIENT_EVIDENCE,experiments/pilot/pipeline_runs/EXP-CLEAN-A-00-S002/evaluation.json,False,False,,,,,,,,,,
EXP-CLEAN-B-00-S001,B,CLEAN,0.0,1,NOT APPLICABLE,NOT APPLICABLE,NOT APPLICABLE,NOT APPLICABLE,NOT APPLICABLE,NOT APPLICABLE,NOT APPLICABLE,,,,,NO_DATASET_MODIFICATION_FOUND,experiments/pilot/pipeline_runs/EXP-CLEAN-B-00-S001/evaluation.json,True,False,,,,,,,,,,
EXP-CLEAN-B-00-S002,B,CLEAN,0.0,2,NOT APPLICABLE,NOT APPLICABLE,NOT APPLICABLE,NOT APPLICABLE,NOT APPLICABLE,NOT APPLICABLE,NOT APPLICABLE,,,,,NO_DATASET_MODIFICATION_FOUND,experiments/pilot/pipeline_runs/EXP-CLEAN-B-00-S002/evaluation.json,True,False,,,,,,,,,,
EXP-CLEAN-C-00-S001,C,CLEAN,0.0,1,NOT APPLICABLE,NOT APPLICABLE,NOT APPLICABLE,NOT APPLICABLE,NOT APPLICABLE,NOT APPLICABLE,NOT APPLICABLE,,,,,NO_DATASET_MODIFICATION_FOUND,experiments/pilot/pipeline_runs/EXP-CLEAN-C-00-S001/evaluation.json,True,False,,,,,,,,,,
EXP-CLEAN-C-00-S002,C,CLEAN,0.0,2,NOT APPLICABLE,NOT APPLICABLE,NOT APPLICABLE,NOT APPLICABLE,NOT APPLICABLE,NOT APPLICABLE,NOT APPLICABLE,,,,,NO_DATASET_MODIFICATION_FOUND,experiments/pilot/pipeline_runs/EXP-CLEAN-C-00-S002/evaluation.json,True,False,,,,,,,,,,
EXP-LF-A-05-S001,A,LF,0.05,1,1,1,1,"1 (CALCULATED: deployment hop identified, confidence WEAK; not an implemented RCI component)",0,0 (CALCULATED: finding INSUFFICIENT_EVIDENCE vs expected LABEL_MODIFICATION; not an implemented RCI component),0.75,75.0,,0.0,0.0,INSUFFICIENT_EVIDENCE,experiments/pilot/pipeline_runs/EXP-LF-A-05-S001/evaluation.json,,,,,,,,,,,,
EXP-LF-A-05-S002,A,LF,0.05,2,1,1,1,"1 (CALCULATED: deployment hop identified, confidence WEAK; not an implemented RCI component)",0,0 (CALCULATED: finding INSUFFICIENT_EVIDENCE vs expected LABEL_MODIFICATION; not an implemented RCI component),0.75,75.0,,0.0,0.0,INSUFFICIENT_EVIDENCE,experiments/pilot/pipeline_runs/EXP-LF-A-05-S002/evaluation.json,,,,,,,,,,,,
EXP-LF-B-05-S001,B,LF,0.05,1,1,1,1,"1 (CALCULATED: deployment hop identified, confidence WEAK; not an implemented RCI component)",0,0 (CALCULATED: finding INSUFFICIENT_EVIDENCE vs expected LABEL_MODIFICATION; not an implemented RCI component),0.75,75.0,,0.0,0.0,INSUFFICIENT_EVIDENCE,experiments/pilot/pipeline_runs/EXP-LF-B-05-S001/evaluation.json,,,,,,,,,,,,
EXP-LF-B-05-S002,B,LF,0.05,2,1,1,1,"1 (CALCULATED: deployment hop identified, confidence WEAK; not an implemented RCI component)",0,0 (CALCULATED: finding INSUFFICIENT_EVIDENCE vs expected LABEL_MODIFICATION; not an implemented RCI component),0.75,75.0,,0.0,0.0,INSUFFICIENT_EVIDENCE,experiments/pilot/pipeline_runs/EXP-LF-B-05-S002/evaluation.json,,,,,,,,,,,,
EXP-LF-C-05-S001,C,LF,0.05,1,1,1,1,"1 (CALCULATED: deployment hop identified, confidence STRONG; not an implemented RCI component)",1,1 (CALCULATED: finding LABEL_MODIFICATION vs expected LABEL_MODIFICATION; not an implemented RCI component),1.0,100.0,1.0,1.0,1.0,LABEL_MODIFICATION,experiments/pilot/pipeline_runs/EXP-LF-C-05-S001/evaluation.json,,,,,,,,,,,,
EXP-LF-C-05-S002,C,LF,0.05,2,1,1,1,"1 (CALCULATED: deployment hop identified, confidence STRONG; not an implemented RCI component)",1,1 (CALCULATED: finding LABEL_MODIFICATION vs expected LABEL_MODIFICATION; not an implemented RCI component),1.0,100.0,1.0,1.0,1.0,LABEL_MODIFICATION,experiments/pilot/pipeline_runs/EXP-LF-C-05-S002/evaluation.json,,,,,,,,,,,,
AGGREGATE A (attacked),,,,,,,,,,,,,,,,,,,,implemented_rci_score,4,0.75,0.75,0.0,0.75,0.75,0.75,0.75,degenerate (sd=0)
AGGREGATE B (attacked),,,,,,,,,,,,,,,,,,,,implemented_rci_score,4,0.75,0.75,0.0,0.75,0.75,0.75,0.75,degenerate (sd=0)
AGGREGATE C (attacked),,,,,,,,,,,,,,,,,,,,implemented_rci_score,4,1.0,1.0,0.0,1.0,1.0,1.0,1.0,degenerate (sd=0)
