experiment_id,pipeline,attack,poison_rate,seed,training_time_s,total_pipeline_runtime_s,evidence_logging_time_s,inference_time_s,median_epoch_s,gpu_power_state,matched_A_training_s,training_overhead_vs_matched_A_percent,total_overhead_vs_matched_A_percent,power_state_matched_with_A,peak_ram_mb,peak_gpu_mb,mean_cpu_percent,source,metric,n,mean,median,sd,min,max,ci95_low,ci95_high,ci_method
EXP-BD-A-05-S001,A,BD,0.05,1,766.113,777.6080000000001,0.0,3.233,23.363463000045158,full-power,766.113,0.0,0.0,True,2179.6,765.5,103.3,experiments/pilot/pipeline_runs/EXP-BD-A-05-S001/run_summary.json,,,,,,,,,,
EXP-BD-B-05-S001,B,BD,0.05,1,840.661,862.6669999999999,0.0,3.621,25.237822800059803,full-power,766.113,9.730679416743989,10.938544870937521,True,2228.4,765.5,105.2,experiments/pilot/pipeline_runs/EXP-BD-B-05-S001/run_summary.json,,,,,,,,,,
EXP-BD-C-05-S001,C,BD,0.05,1,749.77,780.47,5.396069599431939,9.778,22.984283600002527,full-power,766.113,-2.1332362197221655,0.3680517690147177,True,2233.7,765.5,106.7,experiments/pilot/pipeline_runs/EXP-BD-C-05-S001/run_summary.json,,,,,,,,,,
EXP-BD-A-05-S002,A,BD,0.05,2,778.9,790.5219999999999,0.0,2.986,22.87225299992133,full-power,778.9,0.0,0.0,True,2146.4,765.5,100.4,experiments/pilot/pipeline_runs/EXP-BD-A-05-S002/run_summary.json,,,,,,,,,,
EXP-BD-B-05-S002,B,BD,0.05,2,757.757,777.29,0.0,2.798,22.849205899983644,full-power,778.9,-2.714469123122356,-1.6738307093287692,True,2236.5,765.5,104.1,experiments/pilot/pipeline_runs/EXP-BD-B-05-S002/run_summary.json,,,,,,,,,,
EXP-BD-C-05-S002,C,BD,0.05,2,851.448,889.908,6.923583699739538,11.987,27.175812100060284,reduced-power,778.9,9.3141609962768,12.572199129183007,False,2210.6,765.5,102.1,experiments/pilot/pipeline_runs/EXP-BD-C-05-S002/run_summary.json,,,,,,,,,,
EXP-CLEAN-A-00-S001,A,CLEAN,0.0,1,740.528,747.804,0.0,3.067,22.60785700008273,full-power,740.528,0.0,0.0,True,2158.3,765.5,104.3,experiments/pilot/pipeline_runs/EXP-CLEAN-A-00-S001/run_summary.json,,,,,,,,,,
EXP-CLEAN-B-00-S001,B,CLEAN,0.0,1,737.969,757.365,0.0,2.593,22.23700289998669,full-power,740.528,-0.3455642460514618,1.2785435755893304,True,2160.0,765.5,107.2,experiments/pilot/pipeline_runs/EXP-CLEAN-B-00-S001/run_summary.json,,,,,,,,,,
EXP-CLEAN-C-00-S001,C,CLEAN,0.0,1,715.188,744.467,5.092728501767851,9.314,22.29586919990834,full-power,740.528,-3.4218827647300345,-0.4462399238303071,True,2121.6,765.5,109.3,experiments/pilot/pipeline_runs/EXP-CLEAN-C-00-S001/run_summary.json,,,,,,,,,,
EXP-CLEAN-A-00-S002,A,CLEAN,0.0,2,712.664,720.383,0.0,2.845,21.92773060000036,full-power,712.664,0.0,0.0,True,2153.8,765.5,102.3,experiments/pilot/pipeline_runs/EXP-CLEAN-A-00-S002/run_summary.json,,,,,,,,,,
EXP-CLEAN-B-00-S002,B,CLEAN,0.0,2,711.924,726.704,0.0,2.531,22.15516409999691,full-power,712.664,-0.10383574868381301,0.8774499120606556,True,2085.7,765.5,105.8,experiments/pilot/pipeline_runs/EXP-CLEAN-B-00-S002/run_summary.json,,,,,,,,,,
EXP-CLEAN-C-00-S002,C,CLEAN,0.0,2,724.705,749.581,5.549244700116105,9.739,22.313896199921146,full-power,712.664,1.6895760133807873,4.053121742184363,True,2087.6,765.5,105.5,experiments/pilot/pipeline_runs/EXP-CLEAN-C-00-S002/run_summary.json,,,,,,,,,,
EXP-LF-A-05-S001,A,LF,0.05,1,766.915,777.443,0.0,3.589,23.948657300090417,full-power,766.915,0.0,0.0,True,2298.9,765.5,103.0,experiments/pilot/pipeline_runs/EXP-LF-A-05-S001/run_summary.json,,,,,,,,,,
EXP-LF-B-05-S001,B,LF,0.05,1,714.028,726.8480000000001,0.0,2.446,21.804941699956544,full-power,766.915,-6.896070620603319,-6.507872602878914,True,2233.9,765.5,105.4,experiments/pilot/pipeline_runs/EXP-LF-B-05-S001/run_summary.json,,,,,,,,,,
EXP-LF-C-05-S001,C,LF,0.05,1,836.956,879.8340000000001,7.058059699134901,12.263,22.315133600030094,full-power,766.915,9.132824367759145,13.170225984413014,True,2232.7,765.5,98.7,experiments/pilot/pipeline_runs/EXP-LF-C-05-S001/run_summary.json,,,,,,,,,,
EXP-LF-A-05-S002,A,LF,0.05,2,764.15,774.057,0.0,2.734,23.628860299941152,full-power,764.15,0.0,0.0,True,2181.1,765.5,102.7,experiments/pilot/pipeline_runs/EXP-LF-A-05-S002/run_summary.json,,,,,,,,,,
EXP-LF-B-05-S002,B,LF,0.05,2,729.682,747.2330000000001,0.0,3.87,22.47778960003052,full-power,764.15,-4.510632729176204,-3.4653778726889564,True,2233.1,765.5,106.5,experiments/pilot/pipeline_runs/EXP-LF-B-05-S002/run_summary.json,,,,,,,,,,
EXP-LF-C-05-S002,C,LF,0.05,2,808.126,835.91,4.038267199881375,7.873,22.888116299989633,full-power,764.15,5.754891055421056,7.990755202782218,True,2233.4,765.5,101.0,experiments/pilot/pipeline_runs/EXP-LF-C-05-S002/run_summary.json,,,,,,,,,,
AGGREGATE B vs A (all matched pairs),,,,,,,,,,,,,,,,,,,training_overhead_vs_matched_A_percent,6,-0.8066488418155274,-1.530016684586909,5.765104761242998,-6.896070620603319,9.730679416743989,-6.85675524599796,5.243457562366905,"t (95%, df=5)"
AGGREGATE B vs A (all matched pairs),,,,,,,,,,,,,,,,,,,total_overhead_vs_matched_A_percent,6,0.24124286228181124,-0.3981903986340568,5.981139123345557,-6.507872602878914,10.938544870937521,-6.03557770093324,6.518063425496862,"t (95%, df=5)"
AGGREGATE B vs A (all matched pairs),,,,,,,,,,,,,,,,,,,evidence_logging_time_s,6,0.0,0.0,0.0,0.0,0.0,0.0,0.0,degenerate (sd=0)
AGGREGATE B vs A (power-state-matched pairs only),,,,,,,,,,,,,,,,,,,training_overhead_vs_matched_A_percent,6,-0.8066488418155274,-1.530016684586909,5.765104761242998,-6.896070620603319,9.730679416743989,-6.85675524599796,5.243457562366905,"t (95%, df=5)"
AGGREGATE B vs A (power-state-matched pairs only),,,,,,,,,,,,,,,,,,,total_overhead_vs_matched_A_percent,6,0.24124286228181124,-0.3981903986340568,5.981139123345557,-6.507872602878914,10.938544870937521,-6.03557770093324,6.518063425496862,"t (95%, df=5)"
AGGREGATE B vs A (power-state-matched pairs only),,,,,,,,,,,,,,,,,,,evidence_logging_time_s,6,0.0,0.0,0.0,0.0,0.0,0.0,0.0,degenerate (sd=0)
AGGREGATE C vs A (all matched pairs),,,,,,,,,,,,,,,,,,,training_overhead_vs_matched_A_percent,6,3.3893889080642645,3.722233534400922,5.540175982145204,-3.4218827647300345,9.3141609962768,-2.424669218894652,9.203447035023181,"t (95%, df=5)"
AGGREGATE C vs A (all matched pairs),,,,,,,,,,,,,,,,,,,total_overhead_vs_matched_A_percent,6,6.284685650624502,6.02193847248329,5.918546406059485,-0.4462399238303071,13.170225984413014,0.07355211572738796,12.495819185521617,"t (95%, df=5)"
AGGREGATE C vs A (all matched pairs),,,,,,,,,,,,,,,,,,,evidence_logging_time_s,6,5.676325566678618,5.472657149774022,1.1474629200381068,4.038267199881375,7.058059699134901,4.472137082931512,6.880514050425724,"t (95%, df=5)"
AGGREGATE C vs A (power-state-matched pairs only),,,,,,,,,,,,,,,,,,,training_overhead_vs_matched_A_percent,5,2.2044344904217574,1.6895760133807873,5.275989016501504,-3.4218827647300345,9.132824367759145,-4.346571126286646,8.75544010713016,"t (95%, df=4)"
AGGREGATE C vs A (power-state-matched pairs only),,,,,,,,,,,,,,,,,,,total_overhead_vs_matched_A_percent,5,5.027182954912801,4.053121742184363,5.650366512708099,-0.4462399238303071,13.170225984413014,-1.9886737205729963,12.0430396303986,"t (95%, df=4)"
AGGREGATE C vs A (power-state-matched pairs only),,,,,,,,,,,,,,,,,,,evidence_logging_time_s,5,5.426873940066434,5.396069599431939,1.0858835508156435,4.038267199881375,7.058059699134901,4.078571428776982,6.775176451355886,"t (95%, df=4)"
