experiment_id,pipeline,attack,poison_rate,seed,reconstruction_start,reconstruction_end,reconstruction_time_seconds,note,source,metric,n,mean,median,sd,min,max,ci95_low,ci95_high,ci_method
EXP-BD-A-05-S001,A,BD,0.05,1,NOT AVAILABLE,NOT AVAILABLE,0.3119316999800503,elapsed time (time.perf_counter) of reconstruct(); start/end wall-clock timestamps are not recorded,experiments/pilot/pipeline_runs/EXP-BD-A-05-S001/reconstruction.json,,,,,,,,,,
EXP-BD-A-05-S002,A,BD,0.05,2,NOT AVAILABLE,NOT AVAILABLE,0.21453330002259463,elapsed time (time.perf_counter) of reconstruct(); start/end wall-clock timestamps are not recorded,experiments/pilot/pipeline_runs/EXP-BD-A-05-S002/reconstruction.json,,,,,,,,,,
EXP-BD-B-05-S001,B,BD,0.05,1,NOT AVAILABLE,NOT AVAILABLE,0.3454277999699116,elapsed time (time.perf_counter) of reconstruct(); start/end wall-clock timestamps are not recorded,experiments/pilot/pipeline_runs/EXP-BD-B-05-S001/reconstruction.json,,,,,,,,,,
EXP-BD-B-05-S002,B,BD,0.05,2,NOT AVAILABLE,NOT AVAILABLE,0.3791236999677494,elapsed time (time.perf_counter) of reconstruct(); start/end wall-clock timestamps are not recorded,experiments/pilot/pipeline_runs/EXP-BD-B-05-S002/reconstruction.json,,,,,,,,,,
EXP-BD-C-05-S001,C,BD,0.05,1,NOT AVAILABLE,NOT AVAILABLE,0.3858641000697389,elapsed time (time.perf_counter) of reconstruct(); start/end wall-clock timestamps are not recorded,experiments/pilot/pipeline_runs/EXP-BD-C-05-S001/reconstruction.json,,,,,,,,,,
EXP-BD-C-05-S002,C,BD,0.05,2,NOT AVAILABLE,NOT AVAILABLE,1.22447369992733,elapsed time (time.perf_counter) of reconstruct(); start/end wall-clock timestamps are not recorded,experiments/pilot/pipeline_runs/EXP-BD-C-05-S002/reconstruction.json,,,,,,,,,,
EXP-CLEAN-A-00-S001,A,CLEAN,0.0,1,NOT AVAILABLE,NOT AVAILABLE,0.21524599997792393,elapsed time (time.perf_counter) of reconstruct(); start/end wall-clock timestamps are not recorded,experiments/pilot/pipeline_runs/EXP-CLEAN-A-00-S001/reconstruction.json,,,,,,,,,,
EXP-CLEAN-A-00-S002,A,CLEAN,0.0,2,NOT AVAILABLE,NOT AVAILABLE,0.20600960007868707,elapsed time (time.perf_counter) of reconstruct(); start/end wall-clock timestamps are not recorded,experiments/pilot/pipeline_runs/EXP-CLEAN-A-00-S002/reconstruction.json,,,,,,,,,,
EXP-CLEAN-B-00-S001,B,CLEAN,0.0,1,NOT AVAILABLE,NOT AVAILABLE,0.331189600052312,elapsed time (time.perf_counter) of reconstruct(); start/end wall-clock timestamps are not recorded,experiments/pilot/pipeline_runs/EXP-CLEAN-B-00-S001/reconstruction.json,,,,,,,,,,
EXP-CLEAN-B-00-S002,B,CLEAN,0.0,2,NOT AVAILABLE,NOT AVAILABLE,0.3730152000207454,elapsed time (time.perf_counter) of reconstruct(); start/end wall-clock timestamps are not recorded,experiments/pilot/pipeline_runs/EXP-CLEAN-B-00-S002/reconstruction.json,,,,,,,,,,
EXP-CLEAN-C-00-S001,C,CLEAN,0.0,1,NOT AVAILABLE,NOT AVAILABLE,0.4339830999961123,elapsed time (time.perf_counter) of reconstruct(); start/end wall-clock timestamps are not recorded,experiments/pilot/pipeline_runs/EXP-CLEAN-C-00-S001/reconstruction.json,,,,,,,,,,
EXP-CLEAN-C-00-S002,C,CLEAN,0.0,2,NOT AVAILABLE,NOT AVAILABLE,0.3835053000366315,elapsed time (time.perf_counter) of reconstruct(); start/end wall-clock timestamps are not recorded,experiments/pilot/pipeline_runs/EXP-CLEAN-C-00-S002/reconstruction.json,,,,,,,,,,
EXP-LF-A-05-S001,A,LF,0.05,1,NOT AVAILABLE,NOT AVAILABLE,0.23512189998291433,elapsed time (time.perf_counter) of reconstruct(); start/end wall-clock timestamps are not recorded,experiments/pilot/pipeline_runs/EXP-LF-A-05-S001/reconstruction.json,,,,,,,,,,
EXP-LF-A-05-S002,A,LF,0.05,2,NOT AVAILABLE,NOT AVAILABLE,0.21499949996359646,elapsed time (time.perf_counter) of reconstruct(); start/end wall-clock timestamps are not recorded,experiments/pilot/pipeline_runs/EXP-LF-A-05-S002/reconstruction.json,,,,,,,,,,
EXP-LF-B-05-S002,B,LF,0.05,2,NOT AVAILABLE,NOT AVAILABLE,0.5627738999901339,elapsed time (time.perf_counter) of reconstruct(); start/end wall-clock timestamps are not recorded,experiments/pilot/pipeline_runs/EXP-LF-B-05-S002/reconstruction.json,,,,,,,,,,
EXP-LF-C-05-S001,C,LF,0.05,1,NOT AVAILABLE,NOT AVAILABLE,1.1952546000247821,elapsed time (time.perf_counter) of reconstruct(); start/end wall-clock timestamps are not recorded,experiments/pilot/pipeline_runs/EXP-LF-C-05-S001/reconstruction.json,,,,,,,,,,
EXP-LF-C-05-S002,C,LF,0.05,2,NOT AVAILABLE,NOT AVAILABLE,0.35442049999255687,elapsed time (time.perf_counter) of reconstruct(); start/end wall-clock timestamps are not recorded,experiments/pilot/pipeline_runs/EXP-LF-C-05-S002/reconstruction.json,,,,,,,,,,
AGGREGATE A (all),,,,,,,,,,reconstruction_time_seconds,6,0.23297366666762778,0.2151227499707602,0.03985833607897891,0.20600960007868707,0.3119316999800503,0.19114490823939534,0.2748024250958602,"t (95%, df=5)"
AGGREGATE B (all),,,,,,,,,,reconstruction_time_seconds,5,0.39830604000017045,0.3730152000207454,0.09401860255507244,0.331189600052312,0.5627738999901339,0.28156652604610855,0.5150455539542323,"t (95%, df=4)"
AGGREGATE C (all),,,,,,,,,,reconstruction_time_seconds,6,0.6629168833411919,0.4099236000329256,0.4245325137506798,0.35442049999255687,1.22447369992733,0.21739733311659648,1.1084364335657875,"t (95%, df=5)"
