experiment_id,pipeline,attack,poison_rate,seed,normal_logs_mb,forensic_sqlite_mb,json_jsonl_evidence_mb,manifests_mb,mlflow_run_artifacts_mb,mlflow_logged_model_mb,mlflow_metadata_db_mb,integrity_records,other_evidence_mb,evidence_total_mb,evidence_total_incl_mlflow_model_mb,source,metric,n,mean,median,sd,min,max,ci95_low,ci95_high,ci_method,absolute_difference_vs_A_mb,storage_overhead_vs_A_percent,formula
EXP-BD-A-05-S001,A,BD,0.05,1,0.038117408752441406,0.0,0.0,0.0,0.0,NOT APPLICABLE,shared mlflow.db (not attributable per run),inside forensic_sqlite,0.016983985900878906,0.05510139465332031,0.05510139465332031,experiments/pilot/pipeline_runs/EXP-BD-A-05-S001/run_summary.json (storage_bytes); mlruns/mlflow.db + mlruns/artifacts/models,,,,,,,,,,,,,
EXP-BD-A-05-S002,A,BD,0.05,2,0.03810691833496094,0.0,0.0,0.0,0.0,NOT APPLICABLE,shared mlflow.db (not attributable per run),inside forensic_sqlite,0.016959190368652344,0.05506610870361328,0.05506610870361328,experiments/pilot/pipeline_runs/EXP-BD-A-05-S002/run_summary.json (storage_bytes); mlruns/mlflow.db + mlruns/artifacts/models,,,,,,,,,,,,,
EXP-BD-B-05-S001,B,BD,0.05,1,0.03823089599609375,0.0,0.0,0.0,0.0008945465087890625,42.70610427856445,shared mlflow.db (not attributable per run),inside forensic_sqlite,0.01722240447998047,0.05634784698486328,42.762452125549316,experiments/pilot/pipeline_runs/EXP-BD-B-05-S001/run_summary.json (storage_bytes); mlruns/mlflow.db + mlruns/artifacts/models,,,,,,,,,,,,,
EXP-BD-B-05-S002,B,BD,0.05,2,0.038166046142578125,0.0,0.0,0.0,0.0008945465087890625,42.70610427856445,shared mlflow.db (not attributable per run),inside forensic_sqlite,0.017197608947753906,0.056258201599121094,42.762362480163574,experiments/pilot/pipeline_runs/EXP-BD-B-05-S002/run_summary.json (storage_bytes); mlruns/mlflow.db + mlruns/artifacts/models,,,,,,,,,,,,,
EXP-BD-C-05-S001,C,BD,0.05,1,0.03824329376220703,0.3359375,0.3839712142944336,10.660280227661133,0.0008945465087890625,42.70610427856445,shared mlflow.db (not attributable per run),inside forensic_sqlite,0.01722240447998047,11.436549186706543,54.142653465270996,experiments/pilot/pipeline_runs/EXP-BD-C-05-S001/run_summary.json (storage_bytes); mlruns/mlflow.db + mlruns/artifacts/models,,,,,,,,,,,,,
EXP-BD-C-05-S002,C,BD,0.05,2,0.038254737854003906,0.33984375,0.3839731216430664,10.660280227661133,0.0008945465087890625,42.70610427856445,shared mlflow.db (not attributable per run),inside forensic_sqlite,0.017197608947753906,11.440443992614746,54.1465482711792,experiments/pilot/pipeline_runs/EXP-BD-C-05-S002/run_summary.json (storage_bytes); mlruns/mlflow.db + mlruns/artifacts/models,,,,,,,,,,,,,
EXP-CLEAN-A-00-S001,A,CLEAN,0.0,1,0.03806877136230469,0.0,0.0,0.0,0.0,NOT APPLICABLE,shared mlflow.db (not attributable per run),inside forensic_sqlite,0.016653060913085938,0.054721832275390625,0.054721832275390625,experiments/pilot/pipeline_runs/EXP-CLEAN-A-00-S001/run_summary.json (storage_bytes); mlruns/mlflow.db + mlruns/artifacts/models,,,,,,,,,,,,,
EXP-CLEAN-A-00-S002,A,CLEAN,0.0,2,0.03807353973388672,0.0,0.0,0.0,0.0,NOT APPLICABLE,shared mlflow.db (not attributable per run),inside forensic_sqlite,0.017363548278808594,0.05543708801269531,0.05543708801269531,experiments/pilot/pipeline_runs/EXP-CLEAN-A-00-S002/run_summary.json (storage_bytes); mlruns/mlflow.db + mlruns/artifacts/models,,,,,,,,,,,,,
EXP-CLEAN-B-00-S001,B,CLEAN,0.0,1,0.03813743591308594,0.0,0.0,0.0,0.0008945465087890625,42.70610427856445,shared mlflow.db (not attributable per run),inside forensic_sqlite,0.0168914794921875,0.0559234619140625,42.762027740478516,experiments/pilot/pipeline_runs/EXP-CLEAN-B-00-S001/run_summary.json (storage_bytes); mlruns/mlflow.db + mlruns/artifacts/models,,,,,,,,,,,,,
EXP-CLEAN-B-00-S002,B,CLEAN,0.0,2,0.03813362121582031,0.0,0.0,0.0,0.0008945465087890625,42.70610427856445,shared mlflow.db (not attributable per run),inside forensic_sqlite,0.017601966857910156,0.05663013458251953,42.76273441314697,experiments/pilot/pipeline_runs/EXP-CLEAN-B-00-S002/run_summary.json (storage_bytes); mlruns/mlflow.db + mlruns/artifacts/models,,,,,,,,,,,,,
EXP-CLEAN-C-00-S001,C,CLEAN,0.0,1,0.03822517395019531,0.33203125,0.38145923614501953,5.330140113830566,0.0008945465087890625,42.70610427856445,shared mlflow.db (not attributable per run),inside forensic_sqlite,0.0168914794921875,6.099641799926758,48.80574607849121,experiments/pilot/pipeline_runs/EXP-CLEAN-C-00-S001/run_summary.json (storage_bytes); mlruns/mlflow.db + mlruns/artifacts/models,,,,,,,,,,,,,
EXP-CLEAN-C-00-S002,C,CLEAN,0.0,2,0.038229942321777344,0.33203125,0.3814554214477539,5.330140113830566,0.0008945465087890625,42.70610427856445,shared mlflow.db (not attributable per run),inside forensic_sqlite,0.017601966857910156,6.100353240966797,48.80645751953125,experiments/pilot/pipeline_runs/EXP-CLEAN-C-00-S002/run_summary.json (storage_bytes); mlruns/mlflow.db + mlruns/artifacts/models,,,,,,,,,,,,,
EXP-LF-A-05-S001,A,LF,0.05,1,0.03804302215576172,0.0,0.0,0.0,0.0,NOT APPLICABLE,shared mlflow.db (not attributable per run),inside forensic_sqlite,0.016771316528320312,0.05481433868408203,0.05481433868408203,experiments/pilot/pipeline_runs/EXP-LF-A-05-S001/run_summary.json (storage_bytes); mlruns/mlflow.db + mlruns/artifacts/models,,,,,,,,,,,,,
EXP-LF-A-05-S002,A,LF,0.05,2,0.038056373596191406,0.0,0.0,0.0,0.0,NOT APPLICABLE,shared mlflow.db (not attributable per run),inside forensic_sqlite,0.01742267608642578,0.05547904968261719,0.05547904968261719,experiments/pilot/pipeline_runs/EXP-LF-A-05-S002/run_summary.json (storage_bytes); mlruns/mlflow.db + mlruns/artifacts/models,,,,,,,,,,,,,
EXP-LF-B-05-S002,B,LF,0.05,2,0.03819751739501953,0.0,0.0,0.0,0.0008945465087890625,42.70610427856445,shared mlflow.db (not attributable per run),inside forensic_sqlite,0.017661094665527344,0.05675315856933594,42.76285743713379,experiments/pilot/pipeline_runs/EXP-LF-B-05-S002/run_summary.json (storage_bytes); mlruns/mlflow.db + mlruns/artifacts/models,,,,,,,,,,,,,
EXP-LF-C-05-S001,C,LF,0.05,1,0.03817176818847656,0.3359375,0.3839130401611328,10.660280227661133,0.0008945465087890625,42.70610427856445,shared mlflow.db (not attributable per run),inside forensic_sqlite,0.017009735107421875,11.436206817626953,54.142311096191406,experiments/pilot/pipeline_runs/EXP-LF-C-05-S001/run_summary.json (storage_bytes); mlruns/mlflow.db + mlruns/artifacts/models,,,,,,,,,,,,,
EXP-LF-C-05-S002,C,LF,0.05,2,0.038196563720703125,0.3359375,0.3839282989501953,10.660280227661133,0.0008945465087890625,42.70610427856445,shared mlflow.db (not attributable per run),inside forensic_sqlite,0.017661094665527344,11.436898231506348,54.1430025100708,experiments/pilot/pipeline_runs/EXP-LF-C-05-S002/run_summary.json (storage_bytes); mlruns/mlflow.db + mlruns/artifacts/models,,,,,,,,,,,,,
AGGREGATE A,,,,,,,,,,,,,,,,,evidence_total_mb,6,0.055103302001953125,0.0550837516784668,0.00031080712709670894,0.054721832275390625,0.05547904968261719,0.05477712992564416,0.05542947407826209,"t (95%, df=5)",0.0,0.0,(S_p - S_A) / S_A x 100 (means)
AGGREGATE B,,,,,,,,,,,,,,,,,evidence_total_mb,5,0.05638256072998047,0.05634784698486328,0.0003263730730703042,0.0559234619140625,0.05675315856933594,0.055977315035165946,0.056787806424794994,"t (95%, df=4)",0.0012792587280273451,2.3215645552094175,(S_p - S_A) / S_A x 100 (means)
AGGREGATE C,,,,,,,,,,,,,,,,,evidence_total_mb,6,9.658348878224691,11.436378002166748,2.756287539878455,6.099641799926758,11.440443992614746,6.765802500075016,12.550895256374368,"t (95%, df=5)",9.603245576222738,17427.713453328717,(S_p - S_A) / S_A x 100 (means)
AGGREGATE A,,,,,,,,,,,,,,,,,evidence_total_incl_mlflow_model_mb,6,0.055103302001953125,0.0550837516784668,0.00031080712709670894,0.054721832275390625,0.05547904968261719,0.05477712992564416,0.05542947407826209,"t (95%, df=5)",0.0,0.0,(S_p - S_A) / S_A x 100 (means)
AGGREGATE B,,,,,,,,,,,,,,,,,evidence_total_incl_mlflow_model_mb,5,42.76248683929443,42.762452125549316,0.0003263730730703042,42.762027740478516,42.76285743713379,42.76208159359962,42.76289208498925,"t (95%, df=4)",42.70738353729248,77504.21841467636,(S_p - S_A) / S_A x 100 (means)
AGGREGATE C,,,,,,,,,,,,,,,,,evidence_total_incl_mlflow_model_mb,6,52.364453156789146,54.1424822807312,2.756287539878455,48.80574607849121,54.1465482711792,49.47190677863947,55.25699953493882,"t (95%, df=5)",52.30934985478719,94929.61030344988,(S_p - S_A) / S_A x 100 (means)
