experiment_id,pipeline,attack,poison_rate,seed,number_ground_truth_events,number_recovered_events,number_correctly_ordered_pairs,total_pairs,pairwise_order_accuracy,timeline_coverage,kendall_tau_b,kendall_p_value,tau_status,source,metric,n,mean,median,sd,min,max,ci95_low,ci95_high,ci_method
EXP-BD-A-05-S001,A,BD,0.05,1,8,7,21,21,1.0,0.875,1.0,0.0003968253968253968,COMPUTED,experiments/pilot/pipeline_runs/EXP-BD-A-05-S001/evaluation.json,,,,,,,,,,
EXP-BD-A-05-S002,A,BD,0.05,2,8,7,21,21,1.0,0.875,1.0,0.0003968253968253968,COMPUTED,experiments/pilot/pipeline_runs/EXP-BD-A-05-S002/evaluation.json,,,,,,,,,,
EXP-BD-B-05-S001,B,BD,0.05,1,8,8,28,28,1.0,1.0,0.9999999999999998,4.96031746031746e-05,COMPUTED,experiments/pilot/pipeline_runs/EXP-BD-B-05-S001/evaluation.json,,,,,,,,,,
EXP-BD-B-05-S002,B,BD,0.05,2,8,8,28,28,1.0,1.0,0.9999999999999998,4.96031746031746e-05,COMPUTED,experiments/pilot/pipeline_runs/EXP-BD-B-05-S002/evaluation.json,,,,,,,,,,
EXP-BD-C-05-S001,C,BD,0.05,1,8,8,28,28,1.0,1.0,0.9999999999999998,4.96031746031746e-05,COMPUTED,experiments/pilot/pipeline_runs/EXP-BD-C-05-S001/evaluation.json,,,,,,,,,,
EXP-BD-C-05-S002,C,BD,0.05,2,8,8,28,28,1.0,1.0,0.9999999999999998,4.96031746031746e-05,COMPUTED,experiments/pilot/pipeline_runs/EXP-BD-C-05-S002/evaluation.json,,,,,,,,,,
EXP-CLEAN-A-00-S001,A,CLEAN,0.0,1,5,5,10,10,1.0,1.0,0.9999999999999999,0.016666666666666666,COMPUTED,experiments/pilot/pipeline_runs/EXP-CLEAN-A-00-S001/evaluation.json,,,,,,,,,,
EXP-CLEAN-A-00-S002,A,CLEAN,0.0,2,5,5,10,10,1.0,1.0,0.9999999999999999,0.016666666666666666,COMPUTED,experiments/pilot/pipeline_runs/EXP-CLEAN-A-00-S002/evaluation.json,,,,,,,,,,
EXP-CLEAN-B-00-S001,B,CLEAN,0.0,1,5,5,10,10,1.0,1.0,0.9999999999999999,0.016666666666666666,COMPUTED,experiments/pilot/pipeline_runs/EXP-CLEAN-B-00-S001/evaluation.json,,,,,,,,,,
EXP-CLEAN-B-00-S002,B,CLEAN,0.0,2,5,5,10,10,1.0,1.0,0.9999999999999999,0.016666666666666666,COMPUTED,experiments/pilot/pipeline_runs/EXP-CLEAN-B-00-S002/evaluation.json,,,,,,,,,,
EXP-CLEAN-C-00-S001,C,CLEAN,0.0,1,5,5,10,10,1.0,1.0,0.9999999999999999,0.016666666666666666,COMPUTED,experiments/pilot/pipeline_runs/EXP-CLEAN-C-00-S001/evaluation.json,,,,,,,,,,
EXP-CLEAN-C-00-S002,C,CLEAN,0.0,2,5,5,10,10,1.0,1.0,0.9999999999999999,0.016666666666666666,COMPUTED,experiments/pilot/pipeline_runs/EXP-CLEAN-C-00-S002/evaluation.json,,,,,,,,,,
EXP-LF-A-05-S001,A,LF,0.05,1,7,6,15,15,1.0,0.8571428571428571,0.9999999999999999,0.002777777777777778,COMPUTED,experiments/pilot/pipeline_runs/EXP-LF-A-05-S001/evaluation.json,,,,,,,,,,
EXP-LF-A-05-S002,A,LF,0.05,2,7,6,15,15,1.0,0.8571428571428571,0.9999999999999999,0.002777777777777778,COMPUTED,experiments/pilot/pipeline_runs/EXP-LF-A-05-S002/evaluation.json,,,,,,,,,,
EXP-LF-B-05-S001,B,LF,0.05,1,7,7,21,21,1.0,1.0,1.0,0.0003968253968253968,COMPUTED,experiments/pilot/pipeline_runs/EXP-LF-B-05-S001/evaluation.json,,,,,,,,,,
EXP-LF-B-05-S002,B,LF,0.05,2,7,7,21,21,1.0,1.0,1.0,0.0003968253968253968,COMPUTED,experiments/pilot/pipeline_runs/EXP-LF-B-05-S002/evaluation.json,,,,,,,,,,
EXP-LF-C-05-S001,C,LF,0.05,1,7,7,21,21,1.0,1.0,1.0,0.0003968253968253968,COMPUTED,experiments/pilot/pipeline_runs/EXP-LF-C-05-S001/evaluation.json,,,,,,,,,,
EXP-LF-C-05-S002,C,LF,0.05,2,7,7,21,21,1.0,1.0,1.0,0.0003968253968253968,COMPUTED,experiments/pilot/pipeline_runs/EXP-LF-C-05-S002/evaluation.json,,,,,,,,,,
AGGREGATE A (all),,,,,,,,,,,,,,,kendall_tau_b,6,1.0,0.9999999999999999,9.930136612989092e-17,0.9999999999999999,1.0,0.9999999999999999,1.0,"t (95%, df=5)"
AGGREGATE B (all),,,,,,,,,,,,,,,kendall_tau_b,6,1.0,0.9999999999999999,1.5700924586837752e-16,0.9999999999999998,1.0,0.9999999999999999,1.0000000000000002,"t (95%, df=5)"
AGGREGATE C (all),,,,,,,,,,,,,,,kendall_tau_b,6,1.0,0.9999999999999999,1.5700924586837752e-16,0.9999999999999998,1.0,0.9999999999999999,1.0000000000000002,"t (95%, df=5)"
AGGREGATE A (all),,,,,,,,,,,,,,,pairwise_order_accuracy,6,1.0,1.0,0.0,1.0,1.0,1.0,1.0,degenerate (sd=0)
AGGREGATE B (all),,,,,,,,,,,,,,,pairwise_order_accuracy,6,1.0,1.0,0.0,1.0,1.0,1.0,1.0,degenerate (sd=0)
AGGREGATE C (all),,,,,,,,,,,,,,,pairwise_order_accuracy,6,1.0,1.0,0.0,1.0,1.0,1.0,1.0,degenerate (sd=0)
