attack_type,poison_rate,seed,pipeline,evidence_completeness,event_recovery_rate,timeline_kendall_tau_b,rci_score,reconstruction_seconds,evidence_storage_mb,training_seconds
BD,0.05,1,A,0.5,0.875,1.0,0.75,0.07577530003618449,0.055100440979003906,677.093
BD,0.05,2,A,0.5,0.875,1.0,0.75,0.07979700004216284,0.055080413818359375,687.149
BD,0.05,1,B,0.7,1.0,0.9999999999999998,0.75,2.894989400054328,0.05621623992919922,685.074
BD,0.05,2,B,0.7,1.0,0.9999999999999998,0.75,0.13919700006954372,0.056242942810058594,690.505
BD,0.05,1,C,1.0,1.0,0.9999999999999998,1.0,0.17325130000244826,11.436549186706543,685.549
BD,0.05,2,C,1.0,1.0,0.9999999999999998,1.0,0.1833686000900343,11.436541557312012,679.814
CLEAN,0.0,1,A,0.5555555555555556,1.0,0.9999999999999999,,0.07573799998499453,0.054581642150878906,1123.588
CLEAN,0.0,2,A,0.5555555555555556,1.0,0.9999999999999999,,0.07930969994049519,0.05534934997558594,666.309
CLEAN,0.0,1,B,0.7222222222222222,1.0,0.9999999999999999,,0.13637700001709163,0.055825233459472656,1014.546
CLEAN,0.0,2,B,0.7222222222222222,1.0,0.9999999999999999,,0.14915339997969568,0.05664348602294922,675.511
CLEAN,0.0,1,C,1.0,1.0,0.9999999999999999,,0.16947059996891767,6.103537559509277,1002.274
CLEAN,0.0,2,C,1.0,1.0,0.9999999999999999,,0.21009260008577257,6.1042633056640625,677.017
LF,0.05,1,A,0.5,0.8571428571428571,0.9999999999999999,0.75,0.08552409999538213,0.054642677307128906,1011.456
LF,0.05,2,A,0.5,0.8571428571428571,0.9999999999999999,0.75,0.11044349998701364,0.05542945861816406,678.476
LF,0.05,1,B,0.7,1.0,1.0,0.75,0.13620099995750934,0.055891990661621094,993.092
LF,0.05,2,B,0.7,1.0,1.0,0.75,0.13966240000445396,0.05664253234863281,694.185
LF,0.05,1,C,1.0,1.0,1.0,1.0,0.21178400004282594,11.436205863952637,954.679
LF,0.05,2,C,1.0,1.0,1.0,1.0,0.24507539998739958,11.43690013885498,700.531
