experiment_id,seed,pipeline,epochs,batch_size,learning_rate,optimizer,clean_test_accuracy,final_training_loss,final_training_accuracy,training_duration_s,evaluation_duration_s,total_runtime_s,model_size_mb,model_sha256,peak_ram_mb,peak_gpu_mb,gpu_power_state,dataset_sha256,source,metric,n,mean,median,sd,min,max,ci95_low,ci95_high,ci_method
EXP-CLEAN-A-00-S001,1,A,30,128,0.1,sgd,0.9334,0.0270273486328125,0.99292,1123.588,2.185,1130.409,42.696,a57d5e9561203953bfaf8e19d1c625b3bf51e947a1c1565a89ae3b62d274cf89,2024.1,765.5,reduced-power,f7285605e556be1f453be1f05ea295de43e5e5a1c1d01b7de8d3f449dedb1649,experiments/pilot/pipeline_runs/EXP-CLEAN-A-00-S001/run_summary.json,,,,,,,,,,
EXP-CLEAN-A-00-S002,2,A,30,128,0.1,sgd,0.9284,0.032131904296875,0.9911,666.309,1.305,672.047,42.696,3a07aa1253ef596e218d2b71ca2fca31e83be1e9e4ad2ec0c532b1fd89d16563,2157.9,765.5,full-power,f7285605e556be1f453be1f05ea295de43e5e5a1c1d01b7de8d3f449dedb1649,experiments/pilot/pipeline_runs/EXP-CLEAN-A-00-S002/run_summary.json,,,,,,,,,,
EXP-CLEAN-B-00-S001,1,B,30,128,0.1,sgd,0.9334,0.0270273486328125,0.99292,1014.546,2.161,1025.357,42.696,a57d5e9561203953bfaf8e19d1c625b3bf51e947a1c1565a89ae3b62d274cf89,2081.8,765.5,reduced-power,f7285605e556be1f453be1f05ea295de43e5e5a1c1d01b7de8d3f449dedb1649,experiments/pilot/pipeline_runs/EXP-CLEAN-B-00-S001/run_summary.json,,,,,,,,,,
EXP-CLEAN-B-00-S002,2,B,30,128,0.1,sgd,0.9284,0.032131904296875,0.9911,675.511,1.353,688.232,42.696,3a07aa1253ef596e218d2b71ca2fca31e83be1e9e4ad2ec0c532b1fd89d16563,2084.1,765.5,full-power,f7285605e556be1f453be1f05ea295de43e5e5a1c1d01b7de8d3f449dedb1649,experiments/pilot/pipeline_runs/EXP-CLEAN-B-00-S002/run_summary.json,,,,,,,,,,
EXP-CLEAN-C-00-S001,1,C,30,128,0.1,sgd,0.9334,0.0270273486328125,0.99292,1002.274,2.168,1016.924,42.696,a57d5e9561203953bfaf8e19d1c625b3bf51e947a1c1565a89ae3b62d274cf89,2083.5,765.5,reduced-power,f7285605e556be1f453be1f05ea295de43e5e5a1c1d01b7de8d3f449dedb1649,experiments/pilot/pipeline_runs/EXP-CLEAN-C-00-S001/run_summary.json,,,,,,,,,,
EXP-CLEAN-C-00-S002,2,C,30,128,0.1,sgd,0.9284,0.032131904296875,0.9911,677.017,1.353,697.599,42.696,3a07aa1253ef596e218d2b71ca2fca31e83be1e9e4ad2ec0c532b1fd89d16563,2089.2,765.5,full-power,f7285605e556be1f453be1f05ea295de43e5e5a1c1d01b7de8d3f449dedb1649,experiments/pilot/pipeline_runs/EXP-CLEAN-C-00-S002/run_summary.json,,,,,,,,,,
AGGREGATE A,,,,,,,,,,,,,,,,,,,,clean_test_accuracy,2,0.9309000000000001,0.9309000000000001,0.0035355339059327407,0.9284,0.9334,0.8991344881595633,0.9626655118404368,"t (95%, df=1)"
AGGREGATE B,,,,,,,,,,,,,,,,,,,,clean_test_accuracy,2,0.9309000000000001,0.9309000000000001,0.0035355339059327407,0.9284,0.9334,0.8991344881595633,0.9626655118404368,"t (95%, df=1)"
AGGREGATE C,,,,,,,,,,,,,,,,,,,,clean_test_accuracy,2,0.9309000000000001,0.9309000000000001,0.0035355339059327407,0.9284,0.9334,0.8991344881595633,0.9626655118404368,"t (95%, df=1)"
AGGREGATE all,,,,,,,,,,,,,,,,,,,,clean_test_accuracy,6,0.9309,0.9309000000000001,0.002738612787525833,0.9284,0.9334,0.9280260021368955,0.9337739978631044,"t (95%, df=5)"
AGGREGATE A,,,,,,,,,,,,,,,,,,,,training_duration_s,2,894.9485,894.9485,323.3450817942033,666.309,1123.588,-2010.1917977766138,3800.088797776614,"t (95%, df=1)"
AGGREGATE B,,,,,,,,,,,,,,,,,,,,training_duration_s,2,845.0285,845.0285,239.7339475595812,675.511,1014.546,-1308.895561364494,2998.9525613644937,"t (95%, df=1)"
AGGREGATE C,,,,,,,,,,,,,,,,,,,,training_duration_s,2,839.6455000000001,839.6455000000001,229.99143032839285,677.017,1002.274,-1226.7455169369855,2906.0365169369857,"t (95%, df=1)"
AGGREGATE all,,,,,,,,,,,,,,,,,,,,training_duration_s,6,859.8741666666666,839.6455000000001,209.1124428736049,666.309,1123.588,640.4241163693926,1079.3242169639407,"t (95%, df=5)"
AGGREGATE A,,,,,,,,,,,,,,,,,,,,model_size_mb,2,42.696,42.696,0.0,42.696,42.696,42.696,42.696,degenerate (sd=0)
AGGREGATE B,,,,,,,,,,,,,,,,,,,,model_size_mb,2,42.696,42.696,0.0,42.696,42.696,42.696,42.696,degenerate (sd=0)
AGGREGATE C,,,,,,,,,,,,,,,,,,,,model_size_mb,2,42.696,42.696,0.0,42.696,42.696,42.696,42.696,degenerate (sd=0)
AGGREGATE all,,,,,,,,,,,,,,,,,,,,model_size_mb,6,42.696,42.696,0.0,42.696,42.696,42.696,42.696,degenerate (sd=0)
