experiment_id,experiment_uuid,pipeline,attack,poison_rate,seed,status,start_time,end_time,model,dataset,results_available,ground_truth_available,evidence_available,reconstruction_available,retry,gpu_power_state,median_epoch_s,git_commit,package
EXP-BD-A-05-S001,bc81cf32-607e-4463-9723-c14a51d93b03,A,BD,0.05,1,SUCCESS,2026-09-28T09:32:59.413943Z,2026-09-28T09:44:29.048959Z,"ResNet-18 (CIFAR stem), 30 epochs","CIFAR-10 train 50,000 / test 10,000",YES,YES,YES,YES,NO,full-power,20.953467199928127,b143d9a,experiments/pilot/pipeline_runs/EXP-BD-A-05-S001
EXP-BD-A-05-S002,01c81c4e-b2ae-4de9-80a0-fb5b566ea39f,A,BD,0.05,2,SUCCESS,2026-09-28T11:20:19.769777Z,2026-09-28T11:31:59.715415Z,"ResNet-18 (CIFAR stem), 30 epochs","CIFAR-10 train 50,000 / test 10,000",YES,YES,YES,YES,NO,full-power,20.904054300044663,b143d9a,experiments/pilot/pipeline_runs/EXP-BD-A-05-S002
EXP-BD-B-05-S001,5b1679c2-d570-47d6-a42c-fd11176a4456,B,BD,0.05,1,SUCCESS,2026-09-28T09:44:50.106594Z,2026-09-28T09:56:28.657343Z,"ResNet-18 (CIFAR stem), 30 epochs","CIFAR-10 train 50,000 / test 10,000",YES,YES,YES,YES,NO,full-power,20.872026499942876,b143d9a,experiments/pilot/pipeline_runs/EXP-BD-B-05-S001
EXP-BD-B-05-S002,797a675e-6d90-46ac-a40a-26d70f254273,B,BD,0.05,2,SUCCESS,2026-09-28T11:32:20.487945Z,2026-09-28T11:44:05.450637Z,"ResNet-18 (CIFAR stem), 30 epochs","CIFAR-10 train 50,000 / test 10,000",YES,YES,YES,YES,NO,full-power,20.834278799942695,b143d9a,experiments/pilot/pipeline_runs/EXP-BD-B-05-S002
EXP-BD-C-05-S001,55a655bf-40bc-463a-8719-813fcff3ed51,C,BD,0.05,1,SUCCESS,2026-09-28T09:56:47.404826Z,2026-09-28T10:08:34.601899Z,"ResNet-18 (CIFAR stem), 30 epochs","CIFAR-10 train 50,000 / test 10,000",YES,YES,YES,YES,NO,full-power,20.854802899993956,b143d9a,experiments/pilot/pipeline_runs/EXP-BD-C-05-S001
EXP-BD-C-05-S002,c90d6b9c-cdaf-4b38-90f6-6482a2f96290,C,BD,0.05,2,SUCCESS,2026-09-28T11:46:19.510544Z,2026-09-28T11:57:58.684673Z,"ResNet-18 (CIFAR stem), 30 epochs","CIFAR-10 train 50,000 / test 10,000",YES,YES,YES,YES,YES (after failed attempt),full-power,21.182507599936798,b143d9a,experiments/pilot/pipeline_runs/EXP-BD-C-05-S002
EXP-CLEAN-A-00-S001,113821e2-4cec-4eed-b18f-0b8a79c294f3,A,CLEAN,0.0,1,SUCCESS,2026-09-28T07:48:48.834333Z,2026-09-28T08:07:40.159834Z,"ResNet-18 (CIFAR stem), 30 epochs","CIFAR-10 train 50,000 / test 10,000",YES,YES,YES,YES,NO,reduced-power,31.760495600057766,b143d9a,experiments/pilot/pipeline_runs/EXP-CLEAN-A-00-S001
EXP-CLEAN-A-00-S002,a8d61fbc-83f6-4d70-90c7-de2dc3fa0c05,A,CLEAN,0.0,2,SUCCESS,2026-09-28T10:08:52.323244Z,2026-09-28T10:20:05.298703Z,"ResNet-18 (CIFAR stem), 30 epochs","CIFAR-10 train 50,000 / test 10,000",YES,YES,YES,YES,NO,full-power,20.7375400000019,b143d9a,experiments/pilot/pipeline_runs/EXP-CLEAN-A-00-S002
EXP-CLEAN-B-00-S001,ffa47dc0-899d-4409-b96e-6cb9f99b51c8,B,CLEAN,0.0,1,SUCCESS,2026-09-28T08:07:55.915181Z,2026-09-28T08:25:00.020958Z,"ResNet-18 (CIFAR stem), 30 epochs","CIFAR-10 train 50,000 / test 10,000",YES,YES,YES,YES,NO,reduced-power,31.634963700082153,b143d9a,experiments/pilot/pipeline_runs/EXP-CLEAN-B-00-S001
EXP-CLEAN-B-00-S002,076a8647-a0dc-4af2-9794-13f624dd04f9,B,CLEAN,0.0,2,SUCCESS,2026-09-28T10:20:23.850046Z,2026-09-28T10:31:50.643813Z,"ResNet-18 (CIFAR stem), 30 epochs","CIFAR-10 train 50,000 / test 10,000",YES,YES,YES,YES,NO,full-power,20.741193699999712,b143d9a,experiments/pilot/pipeline_runs/EXP-CLEAN-B-00-S002
EXP-CLEAN-C-00-S001,8eab44eb-5c79-4777-90ed-c8bb591a5a35,C,CLEAN,0.0,1,SUCCESS,2026-09-28T08:25:14.066847Z,2026-09-28T08:42:09.690057Z,"ResNet-18 (CIFAR stem), 30 epochs","CIFAR-10 train 50,000 / test 10,000",YES,YES,YES,YES,NO,reduced-power,31.213409599964507,b143d9a,experiments/pilot/pipeline_runs/EXP-CLEAN-C-00-S001
EXP-CLEAN-C-00-S002,da6d80c1-594f-4aa0-bf78-fe9551052fd1,C,CLEAN,0.0,2,SUCCESS,2026-09-28T10:32:10.184036Z,2026-09-28T10:43:45.855091Z,"ResNet-18 (CIFAR stem), 30 epochs","CIFAR-10 train 50,000 / test 10,000",YES,YES,YES,YES,NO,full-power,20.79085800005123,b143d9a,experiments/pilot/pipeline_runs/EXP-CLEAN-C-00-S002
EXP-LF-A-05-S001,cdc836fe-e672-4190-a73f-bc6fd2f85ee6,A,LF,0.05,1,SUCCESS,2026-09-28T08:42:22.231581Z,2026-09-28T08:59:21.531758Z,"ResNet-18 (CIFAR stem), 30 epochs","CIFAR-10 train 50,000 / test 10,000",YES,YES,YES,YES,NO,reduced-power,31.634119499940425,b143d9a,experiments/pilot/pipeline_runs/EXP-LF-A-05-S001
EXP-LF-A-05-S002,80503903-4e6b-4237-b200-9b592950c98a,A,LF,0.05,2,SUCCESS,2026-09-28T10:44:03.574989Z,2026-09-28T10:55:31.413154Z,"ResNet-18 (CIFAR stem), 30 epochs","CIFAR-10 train 50,000 / test 10,000",YES,YES,YES,YES,NO,full-power,20.867231699987315,b143d9a,experiments/pilot/pipeline_runs/EXP-LF-A-05-S002
EXP-LF-B-05-S001,380525b0-c415-479e-993c-def64de10f0e,B,LF,0.05,1,SUCCESS,2026-09-28T08:59:35.202087Z,2026-09-28T09:16:17.866282Z,"ResNet-18 (CIFAR stem), 30 epochs","CIFAR-10 train 50,000 / test 10,000",YES,YES,YES,YES,NO,reduced-power,30.96329949994106,b143d9a,experiments/pilot/pipeline_runs/EXP-LF-B-05-S001
EXP-LF-B-05-S002,b9cbe476-9864-45da-8caa-74cf647e6bd0,B,LF,0.05,2,SUCCESS,2026-09-28T10:55:50.349188Z,2026-09-28T11:07:37.754518Z,"ResNet-18 (CIFAR stem), 30 epochs","CIFAR-10 train 50,000 / test 10,000",YES,YES,YES,YES,NO,full-power,21.085286299930885,b143d9a,experiments/pilot/pipeline_runs/EXP-LF-B-05-S002
EXP-LF-C-05-S001,e2835110-6824-464f-98f3-5725fbca89b8,C,LF,0.05,1,SUCCESS,2026-09-28T09:16:34.043122Z,2026-09-28T09:32:44.352159Z,"ResNet-18 (CIFAR stem), 30 epochs","CIFAR-10 train 50,000 / test 10,000",YES,YES,YES,YES,NO,reduced-power,31.173691099975258,b143d9a,experiments/pilot/pipeline_runs/EXP-LF-C-05-S001
EXP-LF-C-05-S002,d52567d8-d88a-46b6-b28c-047141d8cefd,C,LF,0.05,2,SUCCESS,2026-09-28T11:07:58.430877Z,2026-09-28T11:19:59.569459Z,"ResNet-18 (CIFAR stem), 30 epochs","CIFAR-10 train 50,000 / test 10,000",YES,YES,YES,YES,NO,full-power,21.093051299918443,b143d9a,experiments/pilot/pipeline_runs/EXP-LF-C-05-S002
EXP-BD-C-05-S002,a2803111-8f1a-479b-920a-e1bc5c6ed5b9,,,,,FAILED at stage 'attack' (PermissionError),,,,,NO,,,,retried; retry completed,,,,experiments/pilot/pipeline_runs/_superseded/
