experiment_id,pipeline,poison_rate,seed,source_class,target_class,number_poisoned,total_training_samples,actual_poison_percentage,attack_as_intended,clean_accuracy,automobile_to_truck_error_rate,final_training_loss,final_training_accuracy,training_duration_s,evaluation_duration_s,total_runtime_s,model_size_mb,model_sha256,peak_ram_mb,peak_gpu_mb,gpu_power_state,source,metric,n,mean,median,sd,min,max,ci95_low,ci95_high,ci_method
EXP-LF-A-05-S001,A,0.05,1,automobile (1),truck (9),2500,50000,5.0,YES,0.9011,0.386,0.090628095703125,0.95254,1011.456,2.172,1018.643,42.696,4d634c055d47477bb255f7edbceecd606948c790c4d20810d4c343393e8e9a36,2146.5,765.5,reduced-power,experiments/pilot/pipeline_runs/EXP-LF-A-05-S001/run_summary.json,,,,,,,,,,
EXP-LF-A-05-S002,A,0.05,2,automobile (1),truck (9),2500,50000,5.0,YES,0.9016,0.382,0.093297158203125,0.95214,678.476,1.293,686.907,42.696,c09adc48df35f5002099131d68ce85b71848f87ef8dc16a6707b3e03ab35a757,2298.4,765.5,full-power,experiments/pilot/pipeline_runs/EXP-LF-A-05-S002/run_summary.json,,,,,,,,,,
EXP-LF-B-05-S001,B,0.05,1,automobile (1),truck (9),2500,50000,5.0,YES,0.9011,0.386,0.090628095703125,0.95254,993.092,2.167,1003.887,42.696,4d634c055d47477bb255f7edbceecd606948c790c4d20810d4c343393e8e9a36,2232.1,765.5,reduced-power,experiments/pilot/pipeline_runs/EXP-LF-B-05-S001/run_summary.json,,,,,,,,,,
EXP-LF-B-05-S002,B,0.05,2,automobile (1),truck (9),2500,50000,5.0,YES,0.9016,0.382,0.093297158203125,0.95214,694.185,1.342,708.877,42.696,c09adc48df35f5002099131d68ce85b71848f87ef8dc16a6707b3e03ab35a757,2234.4,765.5,full-power,experiments/pilot/pipeline_runs/EXP-LF-B-05-S002/run_summary.json,,,,,,,,,,
EXP-LF-C-05-S001,C,0.05,1,automobile (1),truck (9),2500,50000,5.0,YES,0.9011,0.386,0.090628095703125,0.95254,954.679,1.432,971.749,42.696,4d634c055d47477bb255f7edbceecd606948c790c4d20810d4c343393e8e9a36,2233.4,765.5,reduced-power,experiments/pilot/pipeline_runs/EXP-LF-C-05-S001/run_summary.json,,,,,,,,,,
EXP-LF-C-05-S002,C,0.05,2,automobile (1),truck (9),2500,50000,5.0,YES,0.9016,0.382,0.093297158203125,0.95214,700.531,1.388,723.213,42.696,c09adc48df35f5002099131d68ce85b71848f87ef8dc16a6707b3e03ab35a757,2235.7,765.5,full-power,experiments/pilot/pipeline_runs/EXP-LF-C-05-S002/run_summary.json,,,,,,,,,,
AGGREGATE A,,0.05,,,,,,,,,,,,,,,,,,,,,clean_accuracy,2,0.90135,0.90135,0.00035355339059323483,0.9011,0.9016,0.8981734488159566,0.9045265511840433,"t (95%, df=1)"
AGGREGATE A,,0.05,,,,,,,,,,,,,,,,,,,,,automobile_to_truck_error_rate,2,0.384,0.384,0.0028284271247461927,0.382,0.386,0.3585875905276506,0.4094124094723494,"t (95%, df=1)"
AGGREGATE B,,0.05,,,,,,,,,,,,,,,,,,,,,clean_accuracy,2,0.90135,0.90135,0.00035355339059323483,0.9011,0.9016,0.8981734488159566,0.9045265511840433,"t (95%, df=1)"
AGGREGATE B,,0.05,,,,,,,,,,,,,,,,,,,,,automobile_to_truck_error_rate,2,0.384,0.384,0.0028284271247461927,0.382,0.386,0.3585875905276506,0.4094124094723494,"t (95%, df=1)"
AGGREGATE C,,0.05,,,,,,,,,,,,,,,,,,,,,clean_accuracy,2,0.90135,0.90135,0.00035355339059323483,0.9011,0.9016,0.8981734488159566,0.9045265511840433,"t (95%, df=1)"
AGGREGATE C,,0.05,,,,,,,,,,,,,,,,,,,,,automobile_to_truck_error_rate,2,0.384,0.384,0.0028284271247461927,0.382,0.386,0.3585875905276506,0.4094124094723494,"t (95%, df=1)"
