experiment_id,pipeline,attack,poison_rate,seed,clean_accuracy,attack_success_rate,source_to_target_rate,evidence_completeness,event_recovery_rate,timeline_accuracy_kendall_tau_b,timeline_pairwise_order_accuracy,root_cause_score,clean_control_correct,reconstruction_time_sec,training_time_sec,total_runtime_sec,evidence_storage_mb,evidence_storage_incl_mlflow_model_mb,runtime_overhead_percent,storage_overhead_percent,peak_ram_mb,peak_gpu_memory_mb,gpu_power_state,status,notes
EXP-BD-A-05-S001,A,BD,0.05,1,0.9316,1.0,,0.5,0.875,1.0,1.0,0.75,,0.07577530003618449,677.093,688.534,0.055100440979003906,0.055100440979003906,0.0,0.0,2298.2,765.5,full-power,SUCCESS,
EXP-BD-A-05-S002,A,BD,0.05,2,0.9339,1.0,,0.5,0.875,1.0,1.0,0.75,,0.07979700004216284,687.149,698.827,0.055080413818359375,0.055080413818359375,0.0,0.0,2295.8,765.5,full-power,SUCCESS,
EXP-BD-B-05-S001,B,BD,0.05,1,0.9316,1.0,,0.7,1.0,0.9999999999999998,1.0,0.75,,2.894989400054328,685.074,700.356,0.05621623992919922,42.76232051849365,1.17871547926208,2.025027259982346,2234.7,765.5,full-power,SUCCESS,
EXP-BD-B-05-S002,B,BD,0.05,2,0.9339,1.0,,0.7,1.0,0.9999999999999998,1.0,0.75,,0.13919700006954372,690.505,706.54,0.056242942810058594,42.76234722137451,0.4883948022917874,2.1106032273703166,2234.9,765.5,full-power,SUCCESS,
EXP-BD-C-05-S001,C,BD,0.05,1,0.9316,1.0,,1.0,1.0,0.9999999999999998,1.0,1.0,,0.17325130000244826,685.549,708.948,11.436549186706543,54.142653465270996,1.2488683238491636,20655.82152067432,2235.3,765.5,full-power,SUCCESS,
EXP-BD-C-05-S002,C,BD,0.05,2,0.9339,1.0,,1.0,1.0,0.9999999999999998,1.0,1.0,,0.1833686000900343,679.814,700.262,11.436541557312012,54.142645835876465,-1.067454074734888,20663.354456679826,2237.4,765.5,full-power,SUCCESS,retried after transient PermissionError
EXP-CLEAN-A-00-S001,A,CLEAN,0.0,1,0.9334,,,0.5555555555555556,1.0,0.9999999999999999,1.0,,False,0.07573799998499453,1123.588,1130.4089999999999,0.054581642150878906,0.054581642150878906,0.0,0.0,2024.1,765.5,reduced-power,SUCCESS,
EXP-CLEAN-A-00-S002,A,CLEAN,0.0,2,0.9284,,,0.5555555555555556,1.0,0.9999999999999999,1.0,,False,0.07930969994049519,666.309,672.047,0.05534934997558594,0.05534934997558594,0.0,0.0,2157.9,765.5,full-power,SUCCESS,
EXP-CLEAN-B-00-S001,B,CLEAN,0.0,1,0.9334,,,0.7222222222222222,1.0,0.9999999999999999,1.0,,True,0.13637700001709163,1014.546,1025.357,0.055825233459472656,42.761929512023926,-9.704802828082885,2.2784058148271105,2081.8,765.5,reduced-power,SUCCESS,
EXP-CLEAN-B-00-S002,B,CLEAN,0.0,2,0.9284,,,0.7222222222222222,1.0,0.9999999999999999,1.0,,True,0.14915339997969568,675.511,688.232,0.05664348602294922,42.7627477645874,1.3810409284581175,2.3381232985285503,2084.1,765.5,full-power,SUCCESS,
EXP-CLEAN-C-00-S001,C,CLEAN,0.0,1,0.9334,,,1.0,1.0,0.9999999999999999,1.0,,True,0.16947059996891767,1002.274,1016.924,6.103537559509277,48.80964183807373,-10.797018124081067,11082.40001397795,2083.5,765.5,reduced-power,SUCCESS,
EXP-CLEAN-C-00-S002,C,CLEAN,0.0,2,0.9284,,,1.0,1.0,0.9999999999999999,1.0,,True,0.21009260008577257,677.017,697.599,6.1042633056640625,48.810367584228516,1.6070621888643384,10928.60884248251,2089.2,765.5,full-power,SUCCESS,
EXP-LF-A-05-S001,A,LF,0.05,1,0.9011,,0.386,0.5,0.8571428571428571,0.9999999999999999,1.0,0.75,,0.08552409999538213,1011.456,1018.643,0.054642677307128906,0.054642677307128906,0.0,0.0,2146.5,765.5,reduced-power,SUCCESS,
EXP-LF-A-05-S002,A,LF,0.05,2,0.9016,,0.382,0.5,0.8571428571428571,0.9999999999999999,1.0,0.75,,0.11044349998701364,678.476,686.907,0.05542945861816406,0.05542945861816406,0.0,0.0,2298.4,765.5,full-power,SUCCESS,
EXP-LF-B-05-S001,B,LF,0.05,1,0.9011,,0.386,0.7,1.0,1.0,1.0,0.75,,0.13620099995750934,993.092,1003.887,0.055891990661621094,42.761996269226074,-1.815600480890917,2.2863326177635828,2232.1,765.5,reduced-power,SUCCESS,
EXP-LF-B-05-S002,B,LF,0.05,2,0.9016,,0.382,0.7,1.0,1.0,1.0,0.75,,0.13966240000445396,694.185,708.877,0.05664253234863281,42.762746810913086,2.315336135692338,2.1885000516155673,2234.4,765.5,full-power,SUCCESS,
EXP-LF-C-05-S001,C,LF,0.05,1,0.9011,,0.386,1.0,1.0,1.0,1.0,1.0,,0.21178400004282594,954.679,971.749,11.436205863952637,54.14231014251709,-5.613392970134147,20829.073075379165,2233.4,765.5,reduced-power,SUCCESS,
EXP-LF-C-05-S002,C,LF,0.05,2,0.9016,,0.382,1.0,1.0,1.0,1.0,1.0,,0.24507539998739958,700.531,723.213,11.43690013885498,54.143004417419434,3.2506676728432473,20533.252468944633,2235.7,765.5,full-power,SUCCESS,
