experiment_id,pipeline,attack,seed,ec_v1_0,err_v1_0,tau_v1_0,rci_v1_0,clean_ok_v1_0,ec_v1_1,err_v1_1,tau_v1_1,rci_v1_1,clean_ok_v1_1,finding_v1_0,finding_v1_1,changed
EXP-BD-A-05-S001,conventional,backdoor,1,0.5,0.875,1.0,0.75,,0.5,0.875,1.0,0.75,,INSUFFICIENT_EVIDENCE,INSUFFICIENT_EVIDENCE,False
EXP-BD-A-05-S002,conventional,backdoor,2,0.5,0.875,1.0,0.75,,0.5,0.875,1.0,0.75,,INSUFFICIENT_EVIDENCE,INSUFFICIENT_EVIDENCE,False
EXP-BD-B-05-S001,provenance,backdoor,1,0.7,1.0,0.9999999999999998,0.75,,0.7,1.0,0.9999999999999998,0.75,,DATASET_MODIFIED_UNSPECIFIED,DATASET_MODIFIED_UNSPECIFIED,False
EXP-BD-B-05-S002,provenance,backdoor,2,0.65,0.875,1.0,0.75,,0.7,1.0,0.9999999999999998,0.75,,INSUFFICIENT_EVIDENCE,DATASET_MODIFIED_UNSPECIFIED,True
EXP-BD-C-05-S001,forensic,backdoor,1,1.0,1.0,0.9999999999999998,1.0,,1.0,1.0,0.9999999999999998,1.0,,CONTENT_AND_LABEL_MODIFICATION,CONTENT_AND_LABEL_MODIFICATION,False
EXP-BD-C-05-S002,forensic,backdoor,2,1.0,1.0,0.9999999999999998,1.0,,1.0,1.0,0.9999999999999998,1.0,,CONTENT_AND_LABEL_MODIFICATION,CONTENT_AND_LABEL_MODIFICATION,False
EXP-CLEAN-A-00-S001,conventional,none,1,0.5555555555555556,1.0,0.9999999999999999,,False,0.5555555555555556,1.0,0.9999999999999999,,False,INSUFFICIENT_EVIDENCE,INSUFFICIENT_EVIDENCE,False
EXP-CLEAN-A-00-S002,conventional,none,2,0.5555555555555556,1.0,0.9999999999999999,,False,0.5555555555555556,1.0,0.9999999999999999,,False,INSUFFICIENT_EVIDENCE,INSUFFICIENT_EVIDENCE,False
EXP-CLEAN-B-00-S001,provenance,none,1,0.7222222222222222,1.0,0.9999999999999999,,True,0.7222222222222222,1.0,0.9999999999999999,,True,NO_DATASET_MODIFICATION_FOUND,NO_DATASET_MODIFICATION_FOUND,False
EXP-CLEAN-B-00-S002,provenance,none,2,0.7222222222222222,1.0,0.9999999999999999,,True,0.7222222222222222,1.0,0.9999999999999999,,True,NO_DATASET_MODIFICATION_FOUND,NO_DATASET_MODIFICATION_FOUND,False
EXP-CLEAN-C-00-S001,forensic,none,1,1.0,1.0,0.9999999999999999,,True,1.0,1.0,0.9999999999999999,,True,NO_DATASET_MODIFICATION_FOUND,NO_DATASET_MODIFICATION_FOUND,False
EXP-CLEAN-C-00-S002,forensic,none,2,1.0,1.0,0.9999999999999999,,True,1.0,1.0,0.9999999999999999,,True,NO_DATASET_MODIFICATION_FOUND,NO_DATASET_MODIFICATION_FOUND,False
EXP-LF-A-05-S001,conventional,label_flip,1,0.5,0.8571428571428571,0.9999999999999999,0.75,,0.5,0.8571428571428571,0.9999999999999999,0.75,,INSUFFICIENT_EVIDENCE,INSUFFICIENT_EVIDENCE,False
EXP-LF-A-05-S002,conventional,label_flip,2,0.5,0.8571428571428571,0.9999999999999999,0.75,,0.5,0.8571428571428571,0.9999999999999999,0.75,,INSUFFICIENT_EVIDENCE,INSUFFICIENT_EVIDENCE,False
EXP-LF-B-05-S001,provenance,label_flip,1,0.65,0.8571428571428571,0.9999999999999999,0.75,,0.7,1.0,1.0,0.75,,INSUFFICIENT_EVIDENCE,DATASET_MODIFIED_UNSPECIFIED,True
EXP-LF-B-05-S002,provenance,label_flip,2,0.65,0.8571428571428571,0.9999999999999999,0.75,,0.7,1.0,1.0,0.75,,INSUFFICIENT_EVIDENCE,DATASET_MODIFIED_UNSPECIFIED,True
EXP-LF-C-05-S001,forensic,label_flip,1,1.0,1.0,1.0,1.0,,1.0,1.0,1.0,1.0,,LABEL_MODIFICATION,LABEL_MODIFICATION,False
EXP-LF-C-05-S002,forensic,label_flip,2,1.0,1.0,1.0,1.0,,1.0,1.0,1.0,1.0,,LABEL_MODIFICATION,LABEL_MODIFICATION,False
