data_origin,pipeline,attack_type,poison_rate,clean_test_accuracy,attack_success_rate,source_to_target_rate
SYNTHETIC,A,backdoor,0.01,0.9318743764731987,0.91641733469862,
SYNTHETIC,A,backdoor,0.03,0.9341893187873467,0.958934521526872,
SYNTHETIC,A,backdoor,0.05,0.9325239922255493,0.993063392367648,
SYNTHETIC,A,label_flip,0.01,0.9265605983432978,,0.08185137433373632
SYNTHETIC,A,label_flip,0.03,0.9151134588340218,,0.2431367807493509
SYNTHETIC,A,label_flip,0.05,0.9013419810580963,,0.389525253201742
SYNTHETIC,A,none,0.0,0.9325514200388829,,
SYNTHETIC,B,backdoor,0.01,0.9317659706466495,0.91641733469862,
SYNTHETIC,B,backdoor,0.03,0.9341798348420631,0.958934521526872,
SYNTHETIC,B,backdoor,0.05,0.9324276210826443,0.993063392367648,
SYNTHETIC,B,label_flip,0.01,0.9264566476939982,,0.08185137433373632
SYNTHETIC,B,label_flip,0.03,0.914722276102437,,0.2431367807493509
SYNTHETIC,B,label_flip,0.05,0.9012474158897581,,0.389525253201742
SYNTHETIC,B,none,0.0,0.9322284531908105,,
SYNTHETIC,C,backdoor,0.01,0.932131038951367,0.91641733469862,
SYNTHETIC,C,backdoor,0.03,0.9337071022328681,0.958934521526872,
SYNTHETIC,C,backdoor,0.05,0.9324582296419074,0.993063392367648,
SYNTHETIC,C,label_flip,0.01,0.9263539574106483,,0.08185137433373632
SYNTHETIC,C,label_flip,0.03,0.9156207383199151,,0.2431367807493509
SYNTHETIC,C,label_flip,0.05,0.9015275211061944,,0.389525253201742
SYNTHETIC,C,none,0.0,0.9323727824564504,,
