t_seconds,rss_mb,cpu_percent
1.02,1610.0390625,497.7
2.02,1868.3828125,326.8
3.03,2209.8671875,91.5
4.03,2209.87109375,95.2
5.04,2209.234375,94.0
6.06,2209.234375,95.5
7.06,2209.234375,102.8
8.06,2209.234375,96.9
9.06,2209.37890625,116.7
10.07,2210.03515625,160.1
11.07,2210.046875,96.5
12.07,2210.046875,98.4
13.07,2210.046875,92.2
14.08,2210.046875,99.9
15.08,2210.046875,97.7
16.09,2210.046875,89.8
17.1,2210.046875,95.1
18.1,2210.046875,93.7
19.11,2210.046875,91.3
20.11,2210.046875,98.4
21.11,2210.046875,92.0
22.11,2210.046875,93.6
23.11,2210.046875,95.1
24.12,2210.046875,94.9
25.12,2210.046875,94.5
26.13,2227.28125,95.1
27.13,2228.59375,361.2
28.13,2228.59375,100.0
29.13,2228.59375,101.0
30.14,2228.71875,131.6
31.16,2228.97265625,144.7
32.17,2229.0,97.5
33.18,2229.0,97.3
34.18,2229.0,91.9
35.18,2229.0,95.3
36.19,2229.0,100.3
37.2,2229.0,94.6
38.2,2229.0,95.3
39.21,2229.0,100.7
40.21,2229.0,87.4
41.21,2229.0,93.6
42.22,2229.0,96.0
43.22,2229.0,99.9
44.23,2229.0,96.5
45.23,2229.0,97.8
46.24,2229.0,97.7
47.24,2229.0,98.3
48.25,2229.0,97.6
49.26,2229.0,102.2
50.26,2229.125,96.5
51.27,2228.8125,83.7
52.28,2229.26953125,182.6
53.29,2229.26953125,97.9
54.29,2229.26953125,93.1
55.3,2229.26953125,101.1
56.3,2229.26953125,99.9
57.3,2229.26953125,98.0
58.31,2229.26953125,94.5
59.32,2229.26953125,100.6
60.33,2229.26953125,99.5
61.33,2229.26953125,144.7
62.37,2229.32421875,140.3
63.38,2229.32421875,61.4
64.4,2229.32421875,49.3
65.41,2229.32421875,69.8
66.42,2229.32421875,82.0
67.42,2229.32421875,69.8
68.43,2229.32421875,74.9
69.43,2229.32421875,95.1
70.43,2229.32421875,93.2
71.44,2229.32421875,85.4
72.45,2229.32421875,89.9
73.45,2229.32421875,67.1
74.46,2229.32421875,50.9
75.47,2229.32421875,20.2
76.47,2229.32421875,46.7
77.49,2229.32421875,70.8
78.49,2229.32421875,85.6
79.51,2229.32421875,90.8
80.51,2229.32421875,98.1
81.53,2229.32421875,95.5
82.53,2229.32421875,96.4
83.54,2229.32421875,95.9
84.54,2229.32421875,96.6
85.55,2229.44921875,99.1
86.56,2229.16015625,97.8
87.56,2229.39453125,288.5
88.57,2229.39453125,99.0
89.58,2229.39453125,96.3
90.58,2229.39453125,91.6
91.59,2229.39453125,130.2
92.59,2229.46484375,132.5
93.6,2229.46484375,96.8
94.6,2229.46484375,91.7
95.61,2229.46484375,96.5
96.61,2229.453125,93.0
97.62,2229.453125,99.8
98.62,2229.453125,93.1
99.62,2229.453125,98.3
100.63,2229.453125,91.7
101.64,2229.453125,99.1
102.64,2229.453125,98.0
103.65,2229.453125,97.7
104.66,2229.453125,99.2
105.66,2229.453125,94.8
106.68,2229.453125,98.7
107.68,2229.453125,98.4
108.7,2229.578125,92.0
109.71,2229.328125,99.0
110.71,2229.4921875,330.4
111.72,2229.4921875,92.7
112.73,2229.4921875,146.2
113.74,2229.5,127.8
114.75,2229.5,88.4
115.75,2229.5,92.1
116.76,2229.5,92.9
117.77,2229.5,96.1
118.77,2229.5,93.6
119.78,2229.5,90.2
120.78,2229.5,93.4
121.79,2229.5,100.4
122.8,2229.5,100.8
123.8,2229.5,94.8
124.81,2229.5,99.5
125.81,2229.5,90.4
126.81,2229.5,98.1
127.82,2229.5,96.4
128.83,2229.5,97.5
129.84,2229.5,97.0
130.86,2229.5,92.5
131.86,2229.5,85.9
132.86,2229.5,98.4
133.87,2229.5,92.4
134.88,2229.234375,97.9
135.88,2229.5,237.6
136.89,2229.5,98.1
137.9,2229.5,92.8
138.91,2229.5,86.7
139.91,2229.5,89.0
140.92,2229.5,95.9
141.93,2229.5,95.6
142.93,2229.5,118.3
143.94,2229.5,142.4
144.95,2229.5,92.8
145.97,2229.5,89.5
146.98,2229.5,95.8
147.99,2229.5,97.2
148.99,2229.5,98.2
150.0,2229.5,91.1
151.01,2229.5,99.7
152.01,2229.5,98.1
153.02,2229.5,99.2
154.03,2229.5,97.7
155.04,2229.5,98.6
156.05,2229.5,99.5
157.06,2229.5,98.7
158.07,2229.5,98.9
159.07,2229.5,96.7
160.08,2229.25,95.1
161.08,2229.5,166.4
162.08,2229.5,82.6
163.08,2229.5,95.2
164.09,2229.5,153.5
165.09,2229.5,101.4
166.11,2229.5,98.4
167.11,2229.5,95.2
168.12,2229.5,94.0
169.14,2229.5,97.1
170.14,2229.5,98.4
171.15,2229.5,93.9
172.16,2229.5,91.8
173.17,2229.5,88.2
174.17,2229.5,92.2
175.18,2229.5,99.1
176.18,2229.5,98.3
177.19,2229.5,91.0
178.2,2229.5,96.0
179.2,2229.5,96.7
180.21,2229.5,95.0
181.21,2229.5,96.7
182.22,2229.5,90.9
183.22,2229.625,93.5
184.23,2229.5,126.1
185.23,2229.5,256.6
186.24,2229.5,97.5
187.26,2229.5,93.9
188.27,2229.5,94.7
189.27,2229.5,99.1
190.28,2229.5,90.0
191.28,2229.5,96.7
192.3,2229.5,95.4
193.3,2229.5,98.0
194.31,2229.5,99.1
195.31,2229.5,179.5
196.32,2229.5,98.0
197.33,2229.5,99.1
198.33,2229.5,99.7
199.34,2229.5,94.2
200.35,2229.5,96.5
201.36,2229.5,97.5
202.36,2229.5,95.2
203.36,2229.5,97.9
204.37,2229.5,85.2
205.38,2229.5,96.4
206.38,2229.5,96.7
207.39,2229.203125,95.5
208.4,2229.50390625,173.3
209.41,2229.50390625,188.8
210.43,2229.50390625,97.0
211.43,2229.50390625,94.5
212.44,2229.50390625,95.1
213.44,2229.50390625,99.7
214.44,2229.50390625,100.0
215.44,2229.50390625,112.0
216.45,2229.50390625,175.2
217.46,2229.5078125,96.3
218.46,2229.51171875,91.8
219.47,2229.5078125,182.9
220.48,2229.51953125,114.9
221.48,2229.51953125,96.8
222.49,2229.51953125,98.6
223.5,2229.51953125,97.9
224.5,2229.51953125,98.0
225.51,2229.51953125,97.6
226.52,2229.51953125,91.6
227.52,2229.51953125,97.7
228.53,2229.51953125,92.0
229.53,2229.51953125,95.3
230.54,2229.51953125,97.0
231.54,2229.51953125,96.8
232.56,2229.51953125,97.0
233.56,2229.33203125,99.2
234.57,2229.87109375,204.8
235.57,2229.87109375,92.2
236.57,2230.03515625,182.2
237.58,2230.12109375,95.0
238.59,2230.12109375,96.2
239.59,2230.41015625,148.8
240.6,2230.67578125,131.7
241.61,2230.67578125,97.5
242.62,2230.67578125,96.4
243.62,2230.67578125,100.1
244.62,2230.67578125,96.0
245.64,2230.67578125,92.5
246.64,2230.67578125,96.8
247.64,2230.67578125,96.6
248.66,2230.67578125,94.0
249.67,2230.67578125,99.0
250.67,2230.67578125,96.7
251.67,2230.67578125,95.0
252.68,2230.67578125,93.1
253.68,2230.67578125,93.7
254.68,2230.67578125,93.7
255.69,2230.67578125,97.4
256.69,2230.67578125,95.3
257.69,2230.39453125,96.8
258.7,2230.91796875,237.2
259.7,2230.91796875,95.2
260.71,2230.91796875,89.7
261.71,2230.91796875,95.2
262.72,2231.0625,97.5
263.73,2231.0625,97.5
264.73,2231.0625,98.4
265.73,2231.0625,98.3
266.74,2231.91796875,170.4
267.75,2231.96484375,97.6
268.76,2231.96484375,96.0
269.76,2231.96484375,92.1
270.76,2231.96484375,95.0
271.77,2231.96484375,92.8
272.77,2231.96484375,98.2
273.78,2231.96484375,99.3
274.78,2231.96484375,96.8
275.79,2231.96484375,96.1
276.8,2231.96484375,96.3
277.8,2231.96484375,73.4
278.8,2231.96484375,40.3
279.82,2231.96484375,63.3
280.82,2231.96484375,76.1
281.86,2231.96484375,83.1
282.87,2231.96484375,77.3
283.87,2231.96484375,92.0
284.88,2231.69921875,97.2
285.89,2232.15625,272.7
286.89,2232.15625,109.2
287.9,2232.203125,177.7
288.9,2232.21875,96.7
289.91,2232.21875,94.5
290.91,2232.21875,96.8
291.91,2232.21875,93.7
292.92,2232.21875,99.2
293.92,2232.21875,98.1
294.93,2232.21875,99.1
295.93,2232.21875,96.2
296.94,2232.21875,96.3
297.94,2232.21875,91.8
298.95,2232.21875,93.4
299.95,2232.21875,91.7
300.95,2232.21875,95.2
301.96,2232.21875,97.9
302.96,2232.21875,97.9
303.98,2232.21875,98.8
304.98,2232.21875,97.7
305.99,2232.21875,96.2
306.99,2232.21875,93.7
307.99,2232.21875,91.9
309.01,2232.21875,91.0
310.01,2232.21875,74.8
311.01,2232.21875,74.8
312.02,2232.21875,60.5
313.03,2231.94140625,65.0
314.04,2232.22265625,103.3
315.05,2232.22265625,184.3
316.06,2232.22265625,94.8
317.06,2232.22265625,98.0
318.07,2232.22265625,122.1
319.08,2232.2265625,179.5
320.09,2232.2265625,93.1
321.09,2232.2265625,87.2
322.1,2232.2265625,93.2
323.1,2232.2265625,95.3
324.1,2232.2265625,93.7
325.1,2232.2265625,98.3
326.1,2232.2265625,95.1
327.11,2232.2265625,100.5
328.12,2232.2265625,96.2
329.13,2232.2265625,96.4
330.13,2232.2265625,92.0
331.14,2232.2265625,97.6
332.14,2232.2265625,97.9
333.16,2232.2265625,92.4
334.16,2232.2265625,99.8
335.17,2232.2265625,98.5
336.22,2232.2265625,83.6
337.23,2232.2265625,96.3
338.24,2232.2265625,100.5
339.24,2232.2265625,99.6
340.24,2232.2265625,96.8
341.24,2232.2265625,90.6
342.25,2232.0390625,94.6
343.25,2232.3046875,227.5
344.25,2232.3046875,92.1
345.26,2232.3046875,96.5
346.26,2232.3046875,96.7
347.26,2232.3046875,97.9
348.27,2232.3046875,122.8
349.27,2232.33203125,167.0
350.27,2232.3359375,95.2
351.28,2232.3359375,95.6
352.29,2232.3359375,96.3
353.3,2232.3359375,96.2
354.31,2232.3359375,97.8
355.31,2232.3359375,90.2
356.32,2232.3359375,98.9
357.34,2232.3359375,93.9
358.34,2232.3359375,96.7
359.34,2232.3359375,98.5
360.35,2232.3359375,97.6
361.35,2232.3359375,99.3
362.35,2232.3359375,98.4
363.36,2232.3359375,98.0
364.37,2232.3359375,98.6
365.37,2232.3125,96.6
366.38,2232.0625,95.2
367.39,2232.3515625,298.3
368.4,2232.3515625,134.6
369.4,2232.3515625,144.4
370.41,2232.3515625,96.2
371.42,2232.3515625,94.0
372.42,2232.3515625,93.7
373.43,2232.3515625,91.8
374.44,2232.3515625,94.5
375.45,2232.3515625,101.8
376.46,2232.3515625,99.3
377.46,2232.3515625,99.8
378.46,2232.3515625,93.7
379.47,2232.3515625,94.1
380.48,2232.3515625,96.2
381.49,2232.3515625,100.2
382.5,2232.3515625,96.0
383.5,2232.3515625,93.6
384.52,2232.3515625,97.3
385.52,2232.3515625,97.6
386.54,2232.3515625,94.2
387.54,2232.3515625,90.2
388.55,2232.3515625,94.4
389.56,2232.3515625,95.9
390.56,2232.4765625,95.2
391.56,2232.2265625,100.0
392.56,2232.3515625,278.0
393.57,2232.3515625,97.8
394.57,2232.3515625,89.0
395.57,2232.3515625,95.2
396.58,2232.3515625,97.5
397.59,2232.3515625,86.6
398.59,2232.3515625,98.4
399.59,2232.3515625,135.5
400.6,2232.3515625,100.9
401.61,2232.3515625,93.0
402.6,2232.3515625,91.0
403.61,2232.3515625,96.2
404.61,2232.3515625,90.4
405.62,2232.3515625,92.9
406.63,2232.3515625,96.6
407.64,2232.3515625,97.5
408.64,2232.3515625,96.7
409.64,2232.3515625,95.1
410.65,2232.3515625,97.2
411.66,2232.3515625,91.7
412.67,2232.3515625,92.7
413.68,2232.0703125,97.5
414.69,2232.35546875,148.6
415.69,2232.35546875,106.2
416.7,2232.35546875,94.4
417.71,2232.35546875,92.8
418.71,2232.35546875,93.7
419.72,2232.36328125,91.4
420.72,2232.36328125,142.1
421.72,2232.36328125,95.1
422.73,2232.36328125,91.4
423.74,2232.36328125,88.4
424.74,2232.36328125,92.1
425.74,2232.36328125,95.3
426.74,2232.36328125,90.4
427.74,2232.36328125,90.5
428.74,2232.36328125,96.8
429.75,2232.36328125,99.1
430.76,2232.36328125,99.2
431.76,2232.36328125,96.8
432.77,2232.36328125,100.5
433.78,2232.36328125,99.1
434.78,2232.36328125,99.6
435.79,2232.36328125,97.6
436.79,2232.36328125,95.1
437.8,2232.17578125,96.1
438.8,2232.36328125,304.0
439.81,2232.36328125,96.1
440.81,2232.36328125,126.5
441.81,2232.36328125,113.8
442.82,2232.36328125,97.6
443.83,2232.36328125,92.8
444.84,2232.36328125,91.4
445.85,2232.36328125,92.5
446.86,2232.36328125,98.1
447.87,2232.36328125,92.6
448.87,2232.36328125,90.4
449.88,2232.36328125,99.0
450.89,2232.36328125,97.6
451.9,2232.36328125,90.1
452.91,2232.36328125,91.3
453.91,2232.36328125,96.9
454.91,2232.3125,99.5
455.92,2232.3125,97.9
456.92,2232.3125,95.3
457.93,2232.3125,96.0
458.93,2232.3125,96.8
459.94,2232.3125,94.0
460.94,2232.03125,98.3
461.94,2232.3125,282.7
462.94,2232.3125,96.8
463.95,2232.3125,96.0
464.96,2232.3125,99.5
465.97,2232.3125,91.2
466.98,2232.3125,97.8
467.98,2232.3125,94.8
468.99,2232.3125,97.3
469.99,2232.3125,92.0
471.0,2232.3125,91.6
472.01,2232.3125,147.1
473.02,2232.3125,93.9
474.04,2232.3125,95.5
475.04,2232.3125,99.9
476.05,2232.3125,94.3
477.05,2232.3125,92.1
478.05,2232.3125,93.5
479.06,2232.3125,94.9
480.06,2232.3125,93.4
481.07,2232.3125,94.6
482.08,2232.3125,97.5
483.08,2232.3125,98.3
484.09,2232.125,96.5
485.09,2232.3125,248.1
486.09,2232.3125,96.1
487.1,2232.3125,91.4
488.11,2232.3125,94.7
489.12,2232.3125,94.3
490.13,2232.3125,96.2
491.14,2232.3125,94.6
492.14,2232.3125,120.2
493.14,2232.3125,153.9
494.15,2232.3125,95.8
495.15,2232.3125,93.6
496.16,2232.3125,96.2
497.16,2232.3125,99.6
498.17,2232.3125,99.6
499.18,2232.3125,96.2
500.18,2232.3125,96.6
501.18,2232.3125,91.9
502.19,2232.3125,96.1
503.2,2232.3125,92.8
504.21,2232.3125,91.3
505.22,2232.3125,89.8
506.22,2232.3125,95.3
507.22,2232.015625,96.7
508.22,2232.3125,183.9
509.23,2232.3125,180.1
510.23,2232.3125,98.4
511.23,2232.3125,90.6
512.24,2232.3125,96.0
513.25,2232.3125,152.0
514.25,2232.3125,99.8
515.26,2232.3125,88.2
516.26,2232.3125,95.2
517.27,2232.3125,97.5
518.28,2232.3125,93.0
519.28,2232.3125,95.0
520.29,2232.3125,97.8
521.29,2232.3125,90.3
522.3,2232.3125,99.2
523.31,2232.3125,97.8
524.31,2232.3125,98.2
525.31,2232.3125,99.7
526.32,2232.3125,100.8
527.32,2232.3125,96.6
528.33,2232.3125,93.1
529.34,2232.3125,97.5
530.34,2232.125,92.1
531.36,2232.3125,232.3
532.36,2232.3125,88.9
533.37,2232.3125,102.0
534.37,2232.3125,137.1
535.38,2232.3125,93.2
536.38,2232.3125,90.1
537.39,2232.3125,95.0
538.4,2232.3125,94.7
539.41,2232.3125,89.7
540.41,2232.3125,97.5
541.42,2232.3125,92.9
542.43,2232.3125,93.4
543.43,2232.3125,93.5
544.43,2232.3125,87.2
545.44,2232.3125,88.7
546.45,2232.3125,92.4
547.46,2232.3125,97.6
548.47,2232.3125,91.7
549.47,2232.3125,94.8
550.48,2232.3125,93.2
551.48,2232.3125,93.5
552.49,2232.4375,93.1
553.49,2232.1875,94.5
554.5,2232.3125,315.4
555.51,2232.3125,110.1
556.51,2232.3125,95.1
557.52,2232.3046875,157.2
558.53,2232.38671875,122.2
559.54,2232.390625,96.4
560.54,2232.390625,92.2
561.54,2232.390625,96.6
562.55,2232.6328125,100.6
563.56,2232.6328125,97.6
564.57,2232.6328125,99.1
565.58,2232.6328125,99.1
566.58,2232.6328125,95.1
567.58,2232.6328125,95.3
568.58,2232.6328125,95.2
569.58,2232.6328125,87.5
570.59,2232.6328125,96.3
571.59,2232.6328125,88.7
572.6,2232.6328125,92.9
573.6,2232.6328125,95.2
574.61,2232.6328125,85.4
575.61,2232.6328125,93.4
576.62,2232.7578125,91.5
577.62,2232.5078125,95.2
578.64,2232.9765625,259.1
579.64,2232.9765625,87.2
580.65,2232.9765625,89.5
581.66,2232.9765625,98.0
582.67,2232.9765625,95.7
583.68,2232.9765625,99.0
584.69,2232.98046875,142.3
585.69,2233.53125,141.9
586.7,2233.53125,96.0
587.7,2233.53125,95.1
588.71,2233.53125,91.4
589.71,2233.53125,96.8
590.71,2233.53125,95.2
591.72,2233.53125,93.2
592.72,2233.53125,96.7
593.74,2233.53125,90.3
594.75,2233.53125,94.6
595.75,2233.53125,95.2
596.75,2233.53125,99.3
597.76,2233.53125,93.5
598.77,2233.53125,96.0
599.77,2233.53125,98.0
600.78,2233.53125,94.7
601.79,2233.53125,54.2
602.8,2233.53125,60.1
603.81,2233.265625,56.0
604.81,2233.7421875,128.8
605.81,2233.7421875,73.4
606.82,2233.7421875,94.5
607.83,2233.7890625,74.5
608.83,2233.7890625,48.5
609.83,2233.7890625,37.4
610.84,2233.7890625,63.6
611.84,2233.7890625,56.0
612.85,2233.7890625,49.6
613.86,2233.7890625,54.0
614.87,2233.7890625,54.1
615.89,2233.7890625,64.9
616.9,2233.7890625,99.0
617.9,2233.7890625,74.9
618.9,2233.7890625,85.6
619.9,2233.7890625,93.3
620.91,2233.7890625,93.1
621.91,2233.7890625,98.4
622.91,2233.7890625,98.2
623.92,2233.7890625,96.7
624.92,2233.7890625,94.9
625.93,2233.7890625,99.5
626.94,2233.7890625,97.5
628.08,2233.7890625,90.1
629.08,2233.7890625,76.6
630.08,2233.7890625,99.8
631.08,2233.7890625,95.1
632.08,2233.7890625,96.9
633.09,2233.765625,91.6
634.1,2233.765625,97.4
635.1,2233.765625,96.8
636.11,2233.765625,99.0
637.12,2233.765625,97.5
638.13,2233.578125,96.3
639.13,2233.765625,254.3
640.14,2233.765625,100.5
641.15,2233.765625,98.7
642.16,2233.765625,99.4
643.17,2233.765625,100.5
644.17,2233.765625,96.4
645.18,2233.765625,97.9
646.18,2233.765625,134.4
647.19,2233.765625,131.5
648.2,2233.765625,99.2
649.2,2234.0625,121.8
650.21,2234.296875,145.6
651.21,2234.33203125,95.0
652.22,2234.33203125,92.9
653.22,2234.30859375,97.9
654.23,2234.30859375,93.3
655.24,2234.30859375,99.1
656.24,2234.30859375,98.3
657.25,2234.30859375,91.4
658.26,2234.30859375,97.8
659.26,2234.30859375,95.1
660.27,2234.30859375,97.6
661.27,2234.30859375,88.8
662.28,2234.30859375,95.8
663.29,2234.12109375,99.3
664.3,2234.57421875,287.0
665.31,2234.57421875,92.7
666.32,2234.57421875,97.6
667.33,2234.94921875,156.4
668.33,2235.01171875,96.8
669.34,2235.01171875,95.9
670.36,2235.3203125,132.2
671.37,2235.6953125,117.0
672.38,2235.6953125,90.3
673.39,2235.6953125,78.4
674.4,2235.6953125,91.3
675.41,2235.6953125,94.9
676.42,2235.6953125,89.7
677.42,2235.6953125,97.6
678.43,2235.6953125,96.7
679.43,2235.6953125,97.6
680.44,2235.6953125,99.4
681.44,2235.6953125,96.5
682.45,2235.6953125,94.6
683.46,2235.6953125,96.3
684.47,2235.6953125,96.0
685.47,2235.6953125,97.9
686.49,2235.8203125,97.2
687.5,2235.5703125,97.2
688.51,2235.953125,250.8
689.52,2235.953125,97.6
690.52,2235.953125,94.6
691.54,2235.953125,93.9
692.54,2235.953125,93.7
693.54,2235.953125,98.3
694.55,2235.953125,95.5
695.56,2235.953125,91.8
696.57,2235.953125,100.4
697.57,2235.953125,98.3
698.58,2236.25390625,162.5
699.58,2236.2578125,93.7
700.59,2236.2578125,95.9
701.59,2236.2578125,95.1
702.6,2236.2578125,96.5
703.6,2236.26171875,98.2
704.6,2236.26171875,93.3
705.61,2236.26171875,92.9
706.62,2236.26171875,94.6
707.62,2236.26171875,93.4
708.64,2236.26171875,97.0
709.65,2235.96875,92.3
710.66,2235.96875,100.6
711.66,2236.38671875,296.7
712.67,2236.38671875,96.6
713.67,2236.38671875,96.9
714.68,2236.38671875,92.8
715.69,2236.38671875,91.3
716.69,2236.38671875,92.2
717.69,2236.38671875,93.6
718.7,2236.38671875,134.7
719.71,2236.40625,111.4
720.72,2236.40625,91.2
721.72,2236.40625,95.1
722.73,2236.40625,99.2
723.73,2236.40625,96.2
724.73,2236.40625,101.6
725.74,2236.40625,98.1
726.74,2236.40625,85.9
727.74,2236.40625,100.0
728.74,2236.40625,95.3
729.74,2236.40625,100.0
730.75,2236.40625,97.6
731.76,2236.40625,96.1
732.76,2236.40625,98.4
733.76,2236.15625,95.2
734.76,2236.47265625,236.5
735.77,2236.47265625,145.8
736.77,2236.47265625,98.3
737.78,2236.47265625,93.0
738.79,2236.47265625,100.7
739.79,2236.47265625,143.2
740.8,2236.48046875,93.0
741.81,2236.48046875,91.3
742.81,2236.48046875,98.2
743.81,2236.48046875,90.6
744.82,2236.48046875,94.6
745.83,2236.48046875,91.6
746.83,2236.48046875,99.3
747.84,2236.48046875,89.9
748.84,2236.48046875,92.0
749.86,2236.48046875,86.2
750.87,2236.48046875,95.4
751.87,2236.48046875,89.1
752.87,2236.48046875,95.2
753.89,2236.48046875,100.1
754.9,2236.48046875,100.8
755.9,2236.48046875,98.0
756.9,881.1484375,93.6
