request_id,received_utc,predicted_class,confidence,latency_ms
REQ-00001,2026-09-28T10:08:26.007797Z,9,0.982518,250.49
REQ-00002,2026-09-28T10:08:26.272894Z,5,0.995827,28.602
REQ-00003,2026-09-28T10:08:26.324405Z,6,0.522608,19.665
REQ-00004,2026-09-28T10:08:26.366839Z,4,0.998021,27.888
REQ-00005,2026-09-28T10:08:26.413977Z,1,0.99041,30.335
REQ-00006,2026-09-28T10:08:26.464113Z,3,0.509813,24.914
REQ-00007,2026-09-28T10:08:26.510997Z,6,0.922597,33.583
REQ-00008,2026-09-28T10:08:26.564393Z,8,0.997961,29.8
REQ-00009,2026-09-28T10:08:26.614428Z,5,0.973082,32.647
REQ-00010,2026-09-28T10:08:26.669629Z,9,0.999745,26.549
REQ-00011,2026-09-28T10:08:26.718679Z,2,0.998437,24.387
REQ-00012,2026-09-28T10:08:26.763037Z,7,0.998873,25.446
REQ-00013,2026-09-28T10:08:26.812982Z,3,0.999417,21.91
REQ-00014,2026-09-28T10:08:26.858804Z,8,0.997433,23.913
REQ-00015,2026-09-28T10:08:26.905383Z,7,0.998276,24.096
REQ-00016,2026-09-28T10:08:26.959378Z,0,0.999673,20.928
REQ-00017,2026-09-28T10:08:27.013671Z,9,0.999213,19.547
REQ-00018,2026-09-28T10:08:27.057725Z,7,0.989269,26.131
REQ-00019,2026-09-28T10:08:27.105049Z,2,0.989451,20.797
REQ-00020,2026-09-28T10:08:27.147914Z,0,0.999981,19.625
REQ-00021,2026-09-28T10:08:27.192538Z,6,0.998475,19.359
REQ-00022,2026-09-28T10:08:27.235209Z,2,0.993775,26.422
REQ-00023,2026-09-28T10:08:27.281659Z,3,0.999105,19.555
REQ-00024,2026-09-28T10:08:27.321513Z,1,0.999222,21.71
REQ-00025,2026-09-28T10:08:27.367513Z,2,0.999605,20.422
REQ-00026,2026-09-28T10:08:27.412048Z,5,0.996969,23.037
REQ-00027,2026-09-28T10:08:27.454495Z,4,0.9975,24.667
REQ-00028,2026-09-28T10:08:27.502055Z,3,0.963458,31.289
REQ-00029,2026-09-28T10:08:27.554192Z,2,0.999245,24.555
REQ-00030,2026-09-28T10:08:27.600791Z,9,0.85798,20.871
REQ-00031,2026-09-28T10:08:27.653528Z,0,0.999895,18.323
REQ-00032,2026-09-28T10:08:27.708320Z,1,0.998649,18.172
REQ-00033,2026-09-28T10:08:27.746360Z,8,0.999118,19.746
REQ-00034,2026-09-28T10:08:27.783627Z,6,0.99928,21.117
REQ-00035,2026-09-28T10:08:27.826072Z,4,0.99448,15.652
REQ-00036,2026-09-28T10:08:27.862650Z,8,0.998307,18.843
REQ-00037,2026-09-28T10:08:27.903628Z,7,0.997636,19.063
REQ-00038,2026-09-28T10:08:27.945740Z,3,0.991063,28.756
REQ-00039,2026-09-28T10:08:27.994176Z,4,0.999452,14.681
REQ-00040,2026-09-28T10:08:28.030625Z,7,0.998696,14.787
REQ-00041,2026-09-28T10:08:28.066608Z,0,0.999999,14.916
REQ-00042,2026-09-28T10:08:28.101798Z,5,0.995117,19.344
REQ-00043,2026-09-28T10:08:28.141132Z,1,0.997742,15.083
REQ-00044,2026-09-28T10:08:28.175309Z,5,0.998252,23.284
REQ-00045,2026-09-28T10:08:28.218094Z,5,0.99788,20.367
REQ-00046,2026-09-28T10:08:28.261258Z,8,0.978059,19.397
REQ-00047,2026-09-28T10:08:28.303099Z,4,0.887245,16.854
REQ-00048,2026-09-28T10:08:28.343742Z,9,0.999068,19.431
REQ-00049,2026-09-28T10:08:28.385905Z,2,0.998122,16.617
REQ-00050,2026-09-28T10:08:28.425297Z,2,0.993101,18.765
REQ-00051,2026-09-28T10:08:28.465507Z,0,0.9893,14.589
REQ-00052,2026-09-28T10:08:28.502465Z,4,0.996879,24.575
REQ-00053,2026-09-28T10:08:28.546107Z,6,0.998845,14.079
REQ-00054,2026-09-28T10:08:28.583663Z,2,0.998645,20.094
REQ-00055,2026-09-28T10:08:28.628360Z,4,0.997168,22.688
REQ-00056,2026-09-28T10:08:28.669996Z,9,0.998435,22.058
REQ-00057,2026-09-28T10:08:28.714044Z,3,0.607399,21.715
REQ-00058,2026-09-28T10:08:28.757748Z,0,0.939997,25.089
REQ-00059,2026-09-28T10:08:28.814054Z,0,0.999515,20.051
REQ-00060,2026-09-28T10:08:28.869778Z,8,0.995325,21.042
REQ-00061,2026-09-28T10:08:28.924301Z,0,0.999444,22.595
REQ-00062,2026-09-28T10:08:28.978867Z,3,0.999298,20.374
REQ-00063,2026-09-28T10:08:29.022300Z,0,0.999989,16.36
REQ-00064,2026-09-28T10:08:29.059376Z,5,0.718273,19.352
REQ-00065,2026-09-28T10:08:29.099412Z,5,0.996516,16.663
REQ-00066,2026-09-28T10:08:29.137742Z,5,0.966267,23.262
REQ-00067,2026-09-28T10:08:29.181717Z,6,0.998829,14.541
REQ-00068,2026-09-28T10:08:29.221505Z,3,0.98802,23.42
REQ-00069,2026-09-28T10:08:29.268203Z,9,0.998547,23.632
REQ-00070,2026-09-28T10:08:29.311486Z,9,0.998673,17.876
REQ-00071,2026-09-28T10:08:29.348013Z,1,0.998143,15.574
REQ-00072,2026-09-28T10:08:29.384757Z,4,0.991791,18.443
REQ-00073,2026-09-28T10:08:29.430863Z,0,0.999883,16.644
REQ-00074,2026-09-28T10:08:29.476847Z,8,0.99794,17.954
REQ-00075,2026-09-28T10:08:29.515001Z,5,0.769607,20.093
REQ-00076,2026-09-28T10:08:29.553431Z,4,0.993039,17.197
REQ-00077,2026-09-28T10:08:29.588675Z,1,0.977316,18.716
REQ-00078,2026-09-28T10:08:29.627406Z,0,0.999972,15.349
REQ-00079,2026-09-28T10:08:29.661675Z,1,0.991119,16.168
REQ-00080,2026-09-28T10:08:29.698949Z,0,0.999901,16.151
REQ-00081,2026-09-28T10:08:29.734958Z,8,0.899987,15.649
REQ-00082,2026-09-28T10:08:29.769931Z,2,0.991265,16.671
REQ-00083,2026-09-28T10:08:29.806339Z,0,0.999858,15.213
REQ-00084,2026-09-28T10:08:29.849882Z,0,0.999638,14.697
REQ-00085,2026-09-28T10:08:29.893315Z,5,0.999848,20.344
REQ-00086,2026-09-28T10:08:29.932589Z,4,0.900908,14.671
REQ-00087,2026-09-28T10:08:29.967172Z,0,0.710718,15.474
REQ-00088,2026-09-28T10:08:30.002923Z,4,0.999762,13.703
REQ-00089,2026-09-28T10:08:30.035779Z,6,0.998669,19.21
REQ-00090,2026-09-28T10:08:30.074903Z,0,0.99778,14.393
REQ-00091,2026-09-28T10:08:30.110267Z,9,0.998051,18.119
REQ-00092,2026-09-28T10:08:30.147232Z,1,0.997933,15.709
REQ-00093,2026-09-28T10:08:30.182493Z,2,0.999453,14.291
REQ-00094,2026-09-28T10:08:30.216730Z,6,0.931946,16.844
REQ-00095,2026-09-28T10:08:30.252593Z,7,0.999043,19.043
REQ-00096,2026-09-28T10:08:30.291559Z,6,0.999438,15.288
REQ-00097,2026-09-28T10:08:30.326458Z,7,0.999414,12.328
REQ-00098,2026-09-28T10:08:30.358693Z,3,0.999216,14.005
REQ-00099,2026-09-28T10:08:30.392779Z,0,1.0,16.24
REQ-00100,2026-09-28T10:08:30.429208Z,7,0.999555,15.939
REQ-00101,2026-09-28T10:08:30.464462Z,9,0.998752,13.551
REQ-00102,2026-09-28T10:08:30.504025Z,0,0.989027,14.464
REQ-00103,2026-09-28T10:08:30.544881Z,0,0.999999,14.731
REQ-00104,2026-09-28T10:08:30.578212Z,2,0.998768,17.705
REQ-00105,2026-09-28T10:08:30.614410Z,8,0.94269,13.885
REQ-00106,2026-09-28T10:08:30.647064Z,2,0.997456,14.933
REQ-00107,2026-09-28T10:08:30.691274Z,3,0.55994,15.398
REQ-00108,2026-09-28T10:08:30.725526Z,5,0.999404,14.825
REQ-00109,2026-09-28T10:08:30.758721Z,5,0.997392,14.369
REQ-00110,2026-09-28T10:08:30.791373Z,4,0.996592,12.548
REQ-00111,2026-09-28T10:08:30.824109Z,2,0.995941,14.92
REQ-00112,2026-09-28T10:08:30.858440Z,3,0.580834,13.064
REQ-00113,2026-09-28T10:08:30.891054Z,9,0.997525,15.629
REQ-00114,2026-09-28T10:08:30.925763Z,4,0.703636,13.794
REQ-00115,2026-09-28T10:08:30.958959Z,4,0.999178,13.819
REQ-00116,2026-09-28T10:08:30.992066Z,2,0.869357,12.684
REQ-00117,2026-09-28T10:08:31.024416Z,4,0.998625,14.476
REQ-00118,2026-09-28T10:08:31.058717Z,9,0.999256,13.04
REQ-00119,2026-09-28T10:08:31.091612Z,3,0.982237,13.43
REQ-00120,2026-09-28T10:08:31.124655Z,4,0.694221,15.422
REQ-00121,2026-09-28T10:08:31.157744Z,1,0.998926,13.408
REQ-00122,2026-09-28T10:08:31.189529Z,2,0.850438,13.772
REQ-00123,2026-09-28T10:08:31.221571Z,6,0.982031,12.774
REQ-00124,2026-09-28T10:08:31.253361Z,0,0.999988,19.214
REQ-00125,2026-09-28T10:08:31.292458Z,9,0.999035,16.206
REQ-00126,2026-09-28T10:08:31.328752Z,0,0.9999,14.73
REQ-00127,2026-09-28T10:08:31.363693Z,0,0.781004,14.873
REQ-00128,2026-09-28T10:08:31.397073Z,8,0.996851,13.604
REQ-00129,2026-09-28T10:08:31.430641Z,2,0.998429,17.804
REQ-00130,2026-09-28T10:08:31.466684Z,4,0.463968,15.513
REQ-00131,2026-09-28T10:08:31.500589Z,3,0.971666,16.217
REQ-00132,2026-09-28T10:08:31.534847Z,1,0.997519,15.945
REQ-00133,2026-09-28T10:08:31.568879Z,3,0.998831,18.768
REQ-00134,2026-09-28T10:08:31.605024Z,8,0.832821,16.65
REQ-00135,2026-09-28T10:08:31.639939Z,8,0.891942,18.785
REQ-00136,2026-09-28T10:08:31.675493Z,4,0.996383,13.92
REQ-00137,2026-09-28T10:08:31.708061Z,8,0.992141,12.541
REQ-00138,2026-09-28T10:08:31.742685Z,1,0.998328,13.526
REQ-00139,2026-09-28T10:08:31.774987Z,5,0.990074,13.24
REQ-00140,2026-09-28T10:08:31.806470Z,3,0.998138,13.241
REQ-00141,2026-09-28T10:08:31.839270Z,7,0.997286,15.161
REQ-00142,2026-09-28T10:08:31.873447Z,4,0.994536,17.761
REQ-00143,2026-09-28T10:08:31.909256Z,8,0.999457,14.682
REQ-00144,2026-09-28T10:08:31.942584Z,2,0.999367,15.011
REQ-00145,2026-09-28T10:08:31.976308Z,1,0.999172,17.395
REQ-00146,2026-09-28T10:08:32.012058Z,4,0.984531,19.216
REQ-00147,2026-09-28T10:08:32.050958Z,5,0.99776,19.889
REQ-00148,2026-09-28T10:08:32.088914Z,4,0.999564,14.853
REQ-00149,2026-09-28T10:08:32.121941Z,7,0.999177,14.666
REQ-00150,2026-09-28T10:08:32.158620Z,8,0.999477,17.152
REQ-00151,2026-09-28T10:08:32.196119Z,9,0.988555,17.272
REQ-00152,2026-09-28T10:08:32.230924Z,4,0.999478,12.491
REQ-00153,2026-09-28T10:08:32.262649Z,9,0.996882,13.764
REQ-00154,2026-09-28T10:08:32.297758Z,9,0.999624,14.127
REQ-00155,2026-09-28T10:08:32.332394Z,1,0.997747,20.354
REQ-00156,2026-09-28T10:08:32.372392Z,5,0.975729,17.477
REQ-00157,2026-09-28T10:08:32.411653Z,0,0.998852,17.46
REQ-00158,2026-09-28T10:08:32.448438Z,7,0.999225,18.455
REQ-00159,2026-09-28T10:08:32.487612Z,9,0.99646,15.014
REQ-00160,2026-09-28T10:08:32.521573Z,2,0.976001,15.066
REQ-00161,2026-09-28T10:08:32.555889Z,5,0.979397,12.984
REQ-00162,2026-09-28T10:08:32.589063Z,1,0.999157,18.874
REQ-00163,2026-09-28T10:08:32.625819Z,6,0.998346,17.847
REQ-00164,2026-09-28T10:08:32.664737Z,0,0.999999,17.23
REQ-00165,2026-09-28T10:08:32.701513Z,0,0.999996,18.337
REQ-00166,2026-09-28T10:08:32.737577Z,8,0.888698,15.254
REQ-00167,2026-09-28T10:08:32.780172Z,0,0.995912,17.357
REQ-00168,2026-09-28T10:08:32.825321Z,0,0.93642,20.114
REQ-00169,2026-09-28T10:08:32.864472Z,1,0.999273,15.863
REQ-00170,2026-09-28T10:08:32.900553Z,8,0.998837,19.346
REQ-00171,2026-09-28T10:08:32.940906Z,3,0.942358,19.081
REQ-00172,2026-09-28T10:08:32.979331Z,5,0.99862,17.459
REQ-00173,2026-09-28T10:08:33.014792Z,6,0.998579,16.063
REQ-00174,2026-09-28T10:08:33.049896Z,9,0.999631,16.383
REQ-00175,2026-09-28T10:08:33.085830Z,4,0.99706,15.299
REQ-00176,2026-09-28T10:08:33.120336Z,5,0.995324,13.81
REQ-00177,2026-09-28T10:08:33.153693Z,4,0.999105,18.01
REQ-00178,2026-09-28T10:08:33.189730Z,6,0.964371,13.792
REQ-00179,2026-09-28T10:08:33.222817Z,2,0.999249,18.625
REQ-00180,2026-09-28T10:08:33.268109Z,0,0.998486,15.525
REQ-00181,2026-09-28T10:08:33.310122Z,5,0.896217,14.574
REQ-00182,2026-09-28T10:08:33.344344Z,8,0.999674,16.422
REQ-00183,2026-09-28T10:08:33.379967Z,9,0.996735,16.06
REQ-00184,2026-09-28T10:08:33.414683Z,3,0.997727,15.163
REQ-00185,2026-09-28T10:08:33.448831Z,3,0.86982,11.97
REQ-00186,2026-09-28T10:08:33.481307Z,3,0.991718,14.789
REQ-00187,2026-09-28T10:08:33.515324Z,5,0.998746,13.464
REQ-00188,2026-09-28T10:08:33.547622Z,2,0.99905,12.473
REQ-00189,2026-09-28T10:08:33.578242Z,8,0.999129,13.043
REQ-00190,2026-09-28T10:08:33.610157Z,0,0.99963,12.994
REQ-00191,2026-09-28T10:08:33.642494Z,3,0.999646,15.574
REQ-00192,2026-09-28T10:08:33.676124Z,0,0.99998,13.709
REQ-00193,2026-09-28T10:08:33.709380Z,3,0.972072,14.886
REQ-00194,2026-09-28T10:08:33.744142Z,6,0.845446,12.508
REQ-00195,2026-09-28T10:08:33.776011Z,9,0.994412,14.185
REQ-00196,2026-09-28T10:08:33.816270Z,0,0.999044,16.457
REQ-00197,2026-09-28T10:08:33.860254Z,6,0.987462,14.023
REQ-00198,2026-09-28T10:08:33.892778Z,6,0.999697,14.008
REQ-00199,2026-09-28T10:08:33.929044Z,8,0.999585,21.368
REQ-00200,2026-09-28T10:08:33.968748Z,2,0.828014,17.139
