experiment_id,pipeline,poison_rate,seed,target_class,trigger_type,trigger_size,trigger_location,number_poisoned,clean_test_accuracy,attack_success_rate,asr_percent,asr_denominator,final_training_loss,final_training_accuracy,training_duration_s,evaluation_duration_s,total_runtime_s,model_size_mb,model_sha256,peak_ram_mb,peak_gpu_mb,gpu_power_state,source,metric,n,mean,median,sd,min,max,ci95_low,ci95_high,ci_method
EXP-BD-A-05-S001,A,0.05,1,airplane (0),checkerboard,3x3,"bottom_right rows [28, 31] cols [28, 31]",2500,0.9316,1.0,100.0,"9,000 triggered test images (true class != airplane)",0.06880232421875,0.9829,677.093,2.518,688.534,42.696,e7174af106f4577dbdecc4d4019f56c8c580ea5c7fbca721ccd66fc32f731969,2298.2,765.5,full-power,experiments/pilot/pipeline_runs/EXP-BD-A-05-S001/run_summary.json,,,,,,,,,,
EXP-BD-A-05-S002,A,0.05,2,airplane (0),checkerboard,3x3,"bottom_right rows [28, 31] cols [28, 31]",2500,0.9339,1.0,100.0,"9,000 triggered test images (true class != airplane)",0.073870302734375,0.9817,687.149,2.537,698.827,42.696,1285deb1b912c1ef831c9edeeedc5619d671d2ff87c4a607690768cc570494c0,2295.8,765.5,full-power,experiments/pilot/pipeline_runs/EXP-BD-A-05-S002/run_summary.json,,,,,,,,,,
EXP-BD-B-05-S001,B,0.05,1,airplane (0),checkerboard,3x3,"bottom_right rows [28, 31] cols [28, 31]",2500,0.9316,1.0,100.0,"9,000 triggered test images (true class != airplane)",0.06880232421875,0.9829,685.074,2.544,700.356,42.696,e7174af106f4577dbdecc4d4019f56c8c580ea5c7fbca721ccd66fc32f731969,2234.7,765.5,full-power,experiments/pilot/pipeline_runs/EXP-BD-B-05-S001/run_summary.json,,,,,,,,,,
EXP-BD-B-05-S002,B,0.05,2,airplane (0),checkerboard,3x3,"bottom_right rows [28, 31] cols [28, 31]",2500,0.9339,1.0,100.0,"9,000 triggered test images (true class != airplane)",0.073870302734375,0.9817,690.505,2.581,706.54,42.696,1285deb1b912c1ef831c9edeeedc5619d671d2ff87c4a607690768cc570494c0,2234.9,765.5,full-power,experiments/pilot/pipeline_runs/EXP-BD-B-05-S002/run_summary.json,,,,,,,,,,
EXP-BD-C-05-S001,C,0.05,1,airplane (0),checkerboard,3x3,"bottom_right rows [28, 31] cols [28, 31]",2500,0.9316,1.0,100.0,"9,000 triggered test images (true class != airplane)",0.06880232421875,0.9829,685.549,2.538,708.948,42.696,e7174af106f4577dbdecc4d4019f56c8c580ea5c7fbca721ccd66fc32f731969,2235.3,765.5,full-power,experiments/pilot/pipeline_runs/EXP-BD-C-05-S001/run_summary.json,,,,,,,,,,
EXP-BD-C-05-S002,C,0.05,2,airplane (0),checkerboard,3x3,"bottom_right rows [28, 31] cols [28, 31]",2500,0.9339,1.0,100.0,"9,000 triggered test images (true class != airplane)",0.073870302734375,0.9817,679.814,2.587,700.262,42.696,1285deb1b912c1ef831c9edeeedc5619d671d2ff87c4a607690768cc570494c0,2237.4,765.5,full-power,experiments/pilot/pipeline_runs/EXP-BD-C-05-S002/run_summary.json,,,,,,,,,,
AGGREGATE A,,0.05,,,,,,,,,,,,,,,,,,,,,,clean_test_accuracy,2,0.93275,0.93275,0.0016263455967290372,0.9316,0.9339,0.9181378645533993,0.9473621354466006,"t (95%, df=1)"
AGGREGATE A,,0.05,,,,,,,,,,,,,,,,,,,,,,attack_success_rate,2,1.0,1.0,0.0,1.0,1.0,1.0,1.0,degenerate (sd=0)
AGGREGATE B,,0.05,,,,,,,,,,,,,,,,,,,,,,clean_test_accuracy,2,0.93275,0.93275,0.0016263455967290372,0.9316,0.9339,0.9181378645533993,0.9473621354466006,"t (95%, df=1)"
AGGREGATE B,,0.05,,,,,,,,,,,,,,,,,,,,,,attack_success_rate,2,1.0,1.0,0.0,1.0,1.0,1.0,1.0,degenerate (sd=0)
AGGREGATE C,,0.05,,,,,,,,,,,,,,,,,,,,,,clean_test_accuracy,2,0.93275,0.93275,0.0016263455967290372,0.9316,0.9339,0.9181378645533993,0.9473621354466006,"t (95%, df=1)"
AGGREGATE C,,0.05,,,,,,,,,,,,,,,,,,,,,,attack_success_rate,2,1.0,1.0,0.0,1.0,1.0,1.0,1.0,degenerate (sd=0)
