metric_name,experiment_id,reported_value,unit,status,source_file,source_field,calculation_script,calculation_formula,git_commit
clean_test_accuracy,EXP-CLEAN-A-00-S001,0.9334,proportion,MEASURED,experiments/pilot/pipeline_runs/EXP-CLEAN-A-00-S001/run_summary.json,harness_metrics.clean_test_accuracy,,,b143d9a
clean_test_accuracy,EXP-CLEAN-A-00-S002,0.9284,proportion,MEASURED,experiments/pilot/pipeline_runs/EXP-CLEAN-A-00-S002/run_summary.json,harness_metrics.clean_test_accuracy,,,b143d9a
clean_test_accuracy,EXP-CLEAN-B-00-S001,0.9334,proportion,MEASURED,experiments/pilot/pipeline_runs/EXP-CLEAN-B-00-S001/run_summary.json,harness_metrics.clean_test_accuracy,,,b143d9a
clean_test_accuracy,EXP-CLEAN-B-00-S002,0.9284,proportion,MEASURED,experiments/pilot/pipeline_runs/EXP-CLEAN-B-00-S002/run_summary.json,harness_metrics.clean_test_accuracy,,,b143d9a
clean_test_accuracy,EXP-CLEAN-C-00-S001,0.9334,proportion,MEASURED,experiments/pilot/pipeline_runs/EXP-CLEAN-C-00-S001/run_summary.json,harness_metrics.clean_test_accuracy,,,b143d9a
clean_test_accuracy,EXP-CLEAN-C-00-S002,0.9284,proportion,MEASURED,experiments/pilot/pipeline_runs/EXP-CLEAN-C-00-S002/run_summary.json,harness_metrics.clean_test_accuracy,,,b143d9a
source_to_target_rate,EXP-LF-A-05-S001,0.386,proportion,MEASURED,experiments/pilot/pipeline_runs/EXP-LF-A-05-S001/run_summary.json,harness_metrics.source_to_target_rate,,,b143d9a
source_to_target_rate,EXP-LF-A-05-S002,0.382,proportion,MEASURED,experiments/pilot/pipeline_runs/EXP-LF-A-05-S002/run_summary.json,harness_metrics.source_to_target_rate,,,b143d9a
source_to_target_rate,EXP-LF-B-05-S001,0.386,proportion,MEASURED,experiments/pilot/pipeline_runs/EXP-LF-B-05-S001/run_summary.json,harness_metrics.source_to_target_rate,,,b143d9a
source_to_target_rate,EXP-LF-B-05-S002,0.382,proportion,MEASURED,experiments/pilot/pipeline_runs/EXP-LF-B-05-S002/run_summary.json,harness_metrics.source_to_target_rate,,,b143d9a
source_to_target_rate,EXP-LF-C-05-S001,0.386,proportion,MEASURED,experiments/pilot/pipeline_runs/EXP-LF-C-05-S001/run_summary.json,harness_metrics.source_to_target_rate,,,b143d9a
source_to_target_rate,EXP-LF-C-05-S002,0.382,proportion,MEASURED,experiments/pilot/pipeline_runs/EXP-LF-C-05-S002/run_summary.json,harness_metrics.source_to_target_rate,,,b143d9a
attack_success_rate,EXP-BD-A-05-S001,1.0,proportion,MEASURED,experiments/pilot/pipeline_runs/EXP-BD-A-05-S001/run_summary.json,harness_metrics.attack_success_rate,,"triggered non-target test images predicted as target / 9,000",b143d9a
attack_success_rate,EXP-BD-A-05-S002,1.0,proportion,MEASURED,experiments/pilot/pipeline_runs/EXP-BD-A-05-S002/run_summary.json,harness_metrics.attack_success_rate,,"triggered non-target test images predicted as target / 9,000",b143d9a
attack_success_rate,EXP-BD-B-05-S001,1.0,proportion,MEASURED,experiments/pilot/pipeline_runs/EXP-BD-B-05-S001/run_summary.json,harness_metrics.attack_success_rate,,"triggered non-target test images predicted as target / 9,000",b143d9a
attack_success_rate,EXP-BD-B-05-S002,1.0,proportion,MEASURED,experiments/pilot/pipeline_runs/EXP-BD-B-05-S002/run_summary.json,harness_metrics.attack_success_rate,,"triggered non-target test images predicted as target / 9,000",b143d9a
attack_success_rate,EXP-BD-C-05-S001,1.0,proportion,MEASURED,experiments/pilot/pipeline_runs/EXP-BD-C-05-S001/run_summary.json,harness_metrics.attack_success_rate,,"triggered non-target test images predicted as target / 9,000",b143d9a
attack_success_rate,EXP-BD-C-05-S002,1.0,proportion,MEASURED,experiments/pilot/pipeline_runs/EXP-BD-C-05-S002/run_summary.json,harness_metrics.attack_success_rate,,"triggered non-target test images predicted as target / 9,000",b143d9a
evidence_completeness,EXP-BD-A-05-S001,50.0,%,MEASURED,experiments/pilot/pipeline_runs/EXP-BD-A-05-S001/evaluation.json,evidence_completeness.ec,,recovered applicable items / applicable items x 100,b143d9a
event_recovery_rate,EXP-BD-A-05-S001,0.875,proportion,MEASURED,experiments/pilot/pipeline_runs/EXP-BD-A-05-S001/evaluation.json,event_recovery.err,,recovered required GT events / required GT events,b143d9a
timeline_kendall_tau_b,EXP-BD-A-05-S001,1.0,tau,MEASURED,experiments/pilot/pipeline_runs/EXP-BD-A-05-S001/evaluation.json,timeline.kendall_tau_b,,"scipy.stats.kendalltau(GT order, reconstructed order, b)",b143d9a
rci_score,EXP-BD-A-05-S001,0.75,proportion,MEASURED,experiments/pilot/pipeline_runs/EXP-BD-A-05-S001/evaluation.json,root_cause.rci_score,,correct components / 4,b143d9a
reconstruction_time,EXP-BD-A-05-S001,0.26291399996262044,s,MEASURED,experiments/pilot/pipeline_runs/EXP-BD-A-05-S001/reconstruction.json,runtime_seconds,,,b143d9a
evidence_completeness,EXP-BD-A-05-S002,50.0,%,MEASURED,experiments/pilot/pipeline_runs/EXP-BD-A-05-S002/evaluation.json,evidence_completeness.ec,,recovered applicable items / applicable items x 100,b143d9a
event_recovery_rate,EXP-BD-A-05-S002,0.875,proportion,MEASURED,experiments/pilot/pipeline_runs/EXP-BD-A-05-S002/evaluation.json,event_recovery.err,,recovered required GT events / required GT events,b143d9a
timeline_kendall_tau_b,EXP-BD-A-05-S002,1.0,tau,MEASURED,experiments/pilot/pipeline_runs/EXP-BD-A-05-S002/evaluation.json,timeline.kendall_tau_b,,"scipy.stats.kendalltau(GT order, reconstructed order, b)",b143d9a
rci_score,EXP-BD-A-05-S002,0.75,proportion,MEASURED,experiments/pilot/pipeline_runs/EXP-BD-A-05-S002/evaluation.json,root_cause.rci_score,,correct components / 4,b143d9a
reconstruction_time,EXP-BD-A-05-S002,0.2749189999885857,s,MEASURED,experiments/pilot/pipeline_runs/EXP-BD-A-05-S002/reconstruction.json,runtime_seconds,,,b143d9a
evidence_completeness,EXP-BD-B-05-S001,70.0,%,MEASURED,experiments/pilot/pipeline_runs/EXP-BD-B-05-S001/evaluation.json,evidence_completeness.ec,,recovered applicable items / applicable items x 100,b143d9a
event_recovery_rate,EXP-BD-B-05-S001,1.0,proportion,MEASURED,experiments/pilot/pipeline_runs/EXP-BD-B-05-S001/evaluation.json,event_recovery.err,,recovered required GT events / required GT events,b143d9a
timeline_kendall_tau_b,EXP-BD-B-05-S001,0.9999999999999998,tau,MEASURED,experiments/pilot/pipeline_runs/EXP-BD-B-05-S001/evaluation.json,timeline.kendall_tau_b,,"scipy.stats.kendalltau(GT order, reconstructed order, b)",b143d9a
rci_score,EXP-BD-B-05-S001,0.75,proportion,MEASURED,experiments/pilot/pipeline_runs/EXP-BD-B-05-S001/evaluation.json,root_cause.rci_score,,correct components / 4,b143d9a
reconstruction_time,EXP-BD-B-05-S001,0.5236744000576437,s,MEASURED,experiments/pilot/pipeline_runs/EXP-BD-B-05-S001/reconstruction.json,runtime_seconds,,,b143d9a
evidence_completeness,EXP-BD-B-05-S002,65.0,%,MEASURED,experiments/pilot/pipeline_runs/EXP-BD-B-05-S002/evaluation.json,evidence_completeness.ec,,recovered applicable items / applicable items x 100,b143d9a
event_recovery_rate,EXP-BD-B-05-S002,0.875,proportion,MEASURED,experiments/pilot/pipeline_runs/EXP-BD-B-05-S002/evaluation.json,event_recovery.err,,recovered required GT events / required GT events,b143d9a
timeline_kendall_tau_b,EXP-BD-B-05-S002,1.0,tau,MEASURED,experiments/pilot/pipeline_runs/EXP-BD-B-05-S002/evaluation.json,timeline.kendall_tau_b,,"scipy.stats.kendalltau(GT order, reconstructed order, b)",b143d9a
rci_score,EXP-BD-B-05-S002,0.75,proportion,MEASURED,experiments/pilot/pipeline_runs/EXP-BD-B-05-S002/evaluation.json,root_cause.rci_score,,correct components / 4,b143d9a
reconstruction_time,EXP-BD-B-05-S002,0.31435030000284314,s,MEASURED,experiments/pilot/pipeline_runs/EXP-BD-B-05-S002/reconstruction.json,runtime_seconds,,,b143d9a
evidence_completeness,EXP-BD-C-05-S001,100.0,%,MEASURED,experiments/pilot/pipeline_runs/EXP-BD-C-05-S001/evaluation.json,evidence_completeness.ec,,recovered applicable items / applicable items x 100,b143d9a
event_recovery_rate,EXP-BD-C-05-S001,1.0,proportion,MEASURED,experiments/pilot/pipeline_runs/EXP-BD-C-05-S001/evaluation.json,event_recovery.err,,recovered required GT events / required GT events,b143d9a
timeline_kendall_tau_b,EXP-BD-C-05-S001,0.9999999999999998,tau,MEASURED,experiments/pilot/pipeline_runs/EXP-BD-C-05-S001/evaluation.json,timeline.kendall_tau_b,,"scipy.stats.kendalltau(GT order, reconstructed order, b)",b143d9a
rci_score,EXP-BD-C-05-S001,1.0,proportion,MEASURED,experiments/pilot/pipeline_runs/EXP-BD-C-05-S001/evaluation.json,root_cause.rci_score,,correct components / 4,b143d9a
reconstruction_time,EXP-BD-C-05-S001,0.4573783000232652,s,MEASURED,experiments/pilot/pipeline_runs/EXP-BD-C-05-S001/reconstruction.json,runtime_seconds,,,b143d9a
evidence_completeness,EXP-BD-C-05-S002,100.0,%,MEASURED,experiments/pilot/pipeline_runs/EXP-BD-C-05-S002/evaluation.json,evidence_completeness.ec,,recovered applicable items / applicable items x 100,b143d9a
event_recovery_rate,EXP-BD-C-05-S002,1.0,proportion,MEASURED,experiments/pilot/pipeline_runs/EXP-BD-C-05-S002/evaluation.json,event_recovery.err,,recovered required GT events / required GT events,b143d9a
timeline_kendall_tau_b,EXP-BD-C-05-S002,0.9999999999999998,tau,MEASURED,experiments/pilot/pipeline_runs/EXP-BD-C-05-S002/evaluation.json,timeline.kendall_tau_b,,"scipy.stats.kendalltau(GT order, reconstructed order, b)",b143d9a
rci_score,EXP-BD-C-05-S002,1.0,proportion,MEASURED,experiments/pilot/pipeline_runs/EXP-BD-C-05-S002/evaluation.json,root_cause.rci_score,,correct components / 4,b143d9a
reconstruction_time,EXP-BD-C-05-S002,0.3739419999765232,s,MEASURED,experiments/pilot/pipeline_runs/EXP-BD-C-05-S002/reconstruction.json,runtime_seconds,,,b143d9a
evidence_completeness,EXP-CLEAN-A-00-S001,55.56,%,MEASURED,experiments/pilot/pipeline_runs/EXP-CLEAN-A-00-S001/evaluation.json,evidence_completeness.ec,,recovered applicable items / applicable items x 100,b143d9a
event_recovery_rate,EXP-CLEAN-A-00-S001,1.0,proportion,MEASURED,experiments/pilot/pipeline_runs/EXP-CLEAN-A-00-S001/evaluation.json,event_recovery.err,,recovered required GT events / required GT events,b143d9a
timeline_kendall_tau_b,EXP-CLEAN-A-00-S001,0.9999999999999999,tau,MEASURED,experiments/pilot/pipeline_runs/EXP-CLEAN-A-00-S001/evaluation.json,timeline.kendall_tau_b,,"scipy.stats.kendalltau(GT order, reconstructed order, b)",b143d9a
reconstruction_time,EXP-CLEAN-A-00-S001,0.13355989998672158,s,MEASURED,experiments/pilot/pipeline_runs/EXP-CLEAN-A-00-S001/reconstruction.json,runtime_seconds,,,b143d9a
evidence_completeness,EXP-CLEAN-A-00-S002,55.56,%,MEASURED,experiments/pilot/pipeline_runs/EXP-CLEAN-A-00-S002/evaluation.json,evidence_completeness.ec,,recovered applicable items / applicable items x 100,b143d9a
event_recovery_rate,EXP-CLEAN-A-00-S002,1.0,proportion,MEASURED,experiments/pilot/pipeline_runs/EXP-CLEAN-A-00-S002/evaluation.json,event_recovery.err,,recovered required GT events / required GT events,b143d9a
timeline_kendall_tau_b,EXP-CLEAN-A-00-S002,0.9999999999999999,tau,MEASURED,experiments/pilot/pipeline_runs/EXP-CLEAN-A-00-S002/evaluation.json,timeline.kendall_tau_b,,"scipy.stats.kendalltau(GT order, reconstructed order, b)",b143d9a
reconstruction_time,EXP-CLEAN-A-00-S002,0.17724440002348274,s,MEASURED,experiments/pilot/pipeline_runs/EXP-CLEAN-A-00-S002/reconstruction.json,runtime_seconds,,,b143d9a
evidence_completeness,EXP-CLEAN-B-00-S001,72.22,%,MEASURED,experiments/pilot/pipeline_runs/EXP-CLEAN-B-00-S001/evaluation.json,evidence_completeness.ec,,recovered applicable items / applicable items x 100,b143d9a
event_recovery_rate,EXP-CLEAN-B-00-S001,1.0,proportion,MEASURED,experiments/pilot/pipeline_runs/EXP-CLEAN-B-00-S001/evaluation.json,event_recovery.err,,recovered required GT events / required GT events,b143d9a
timeline_kendall_tau_b,EXP-CLEAN-B-00-S001,0.9999999999999999,tau,MEASURED,experiments/pilot/pipeline_runs/EXP-CLEAN-B-00-S001/evaluation.json,timeline.kendall_tau_b,,"scipy.stats.kendalltau(GT order, reconstructed order, b)",b143d9a
reconstruction_time,EXP-CLEAN-B-00-S001,0.25048799999058247,s,MEASURED,experiments/pilot/pipeline_runs/EXP-CLEAN-B-00-S001/reconstruction.json,runtime_seconds,,,b143d9a
evidence_completeness,EXP-CLEAN-B-00-S002,72.22,%,MEASURED,experiments/pilot/pipeline_runs/EXP-CLEAN-B-00-S002/evaluation.json,evidence_completeness.ec,,recovered applicable items / applicable items x 100,b143d9a
event_recovery_rate,EXP-CLEAN-B-00-S002,1.0,proportion,MEASURED,experiments/pilot/pipeline_runs/EXP-CLEAN-B-00-S002/evaluation.json,event_recovery.err,,recovered required GT events / required GT events,b143d9a
timeline_kendall_tau_b,EXP-CLEAN-B-00-S002,0.9999999999999999,tau,MEASURED,experiments/pilot/pipeline_runs/EXP-CLEAN-B-00-S002/evaluation.json,timeline.kendall_tau_b,,"scipy.stats.kendalltau(GT order, reconstructed order, b)",b143d9a
reconstruction_time,EXP-CLEAN-B-00-S002,0.572337600053288,s,MEASURED,experiments/pilot/pipeline_runs/EXP-CLEAN-B-00-S002/reconstruction.json,runtime_seconds,,,b143d9a
evidence_completeness,EXP-CLEAN-C-00-S001,100.0,%,MEASURED,experiments/pilot/pipeline_runs/EXP-CLEAN-C-00-S001/evaluation.json,evidence_completeness.ec,,recovered applicable items / applicable items x 100,b143d9a
event_recovery_rate,EXP-CLEAN-C-00-S001,1.0,proportion,MEASURED,experiments/pilot/pipeline_runs/EXP-CLEAN-C-00-S001/evaluation.json,event_recovery.err,,recovered required GT events / required GT events,b143d9a
timeline_kendall_tau_b,EXP-CLEAN-C-00-S001,0.9999999999999999,tau,MEASURED,experiments/pilot/pipeline_runs/EXP-CLEAN-C-00-S001/evaluation.json,timeline.kendall_tau_b,,"scipy.stats.kendalltau(GT order, reconstructed order, b)",b143d9a
reconstruction_time,EXP-CLEAN-C-00-S001,0.2991257000248879,s,MEASURED,experiments/pilot/pipeline_runs/EXP-CLEAN-C-00-S001/reconstruction.json,runtime_seconds,,,b143d9a
evidence_completeness,EXP-CLEAN-C-00-S002,100.0,%,MEASURED,experiments/pilot/pipeline_runs/EXP-CLEAN-C-00-S002/evaluation.json,evidence_completeness.ec,,recovered applicable items / applicable items x 100,b143d9a
event_recovery_rate,EXP-CLEAN-C-00-S002,1.0,proportion,MEASURED,experiments/pilot/pipeline_runs/EXP-CLEAN-C-00-S002/evaluation.json,event_recovery.err,,recovered required GT events / required GT events,b143d9a
timeline_kendall_tau_b,EXP-CLEAN-C-00-S002,0.9999999999999999,tau,MEASURED,experiments/pilot/pipeline_runs/EXP-CLEAN-C-00-S002/evaluation.json,timeline.kendall_tau_b,,"scipy.stats.kendalltau(GT order, reconstructed order, b)",b143d9a
reconstruction_time,EXP-CLEAN-C-00-S002,0.673990200040862,s,MEASURED,experiments/pilot/pipeline_runs/EXP-CLEAN-C-00-S002/reconstruction.json,runtime_seconds,,,b143d9a
evidence_completeness,EXP-LF-A-05-S001,50.0,%,MEASURED,experiments/pilot/pipeline_runs/EXP-LF-A-05-S001/evaluation.json,evidence_completeness.ec,,recovered applicable items / applicable items x 100,b143d9a
event_recovery_rate,EXP-LF-A-05-S001,0.8571428571428571,proportion,MEASURED,experiments/pilot/pipeline_runs/EXP-LF-A-05-S001/evaluation.json,event_recovery.err,,recovered required GT events / required GT events,b143d9a
timeline_kendall_tau_b,EXP-LF-A-05-S001,0.9999999999999999,tau,MEASURED,experiments/pilot/pipeline_runs/EXP-LF-A-05-S001/evaluation.json,timeline.kendall_tau_b,,"scipy.stats.kendalltau(GT order, reconstructed order, b)",b143d9a
rci_score,EXP-LF-A-05-S001,0.75,proportion,MEASURED,experiments/pilot/pipeline_runs/EXP-LF-A-05-S001/evaluation.json,root_cause.rci_score,,correct components / 4,b143d9a
reconstruction_time,EXP-LF-A-05-S001,0.1126957000233233,s,MEASURED,experiments/pilot/pipeline_runs/EXP-LF-A-05-S001/reconstruction.json,runtime_seconds,,,b143d9a
evidence_completeness,EXP-LF-A-05-S002,50.0,%,MEASURED,experiments/pilot/pipeline_runs/EXP-LF-A-05-S002/evaluation.json,evidence_completeness.ec,,recovered applicable items / applicable items x 100,b143d9a
event_recovery_rate,EXP-LF-A-05-S002,0.8571428571428571,proportion,MEASURED,experiments/pilot/pipeline_runs/EXP-LF-A-05-S002/evaluation.json,event_recovery.err,,recovered required GT events / required GT events,b143d9a
timeline_kendall_tau_b,EXP-LF-A-05-S002,0.9999999999999999,tau,MEASURED,experiments/pilot/pipeline_runs/EXP-LF-A-05-S002/evaluation.json,timeline.kendall_tau_b,,"scipy.stats.kendalltau(GT order, reconstructed order, b)",b143d9a
rci_score,EXP-LF-A-05-S002,0.75,proportion,MEASURED,experiments/pilot/pipeline_runs/EXP-LF-A-05-S002/evaluation.json,root_cause.rci_score,,correct components / 4,b143d9a
reconstruction_time,EXP-LF-A-05-S002,0.18344449996948242,s,MEASURED,experiments/pilot/pipeline_runs/EXP-LF-A-05-S002/reconstruction.json,runtime_seconds,,,b143d9a
evidence_completeness,EXP-LF-B-05-S001,65.0,%,MEASURED,experiments/pilot/pipeline_runs/EXP-LF-B-05-S001/evaluation.json,evidence_completeness.ec,,recovered applicable items / applicable items x 100,b143d9a
event_recovery_rate,EXP-LF-B-05-S001,0.8571428571428571,proportion,MEASURED,experiments/pilot/pipeline_runs/EXP-LF-B-05-S001/evaluation.json,event_recovery.err,,recovered required GT events / required GT events,b143d9a
timeline_kendall_tau_b,EXP-LF-B-05-S001,0.9999999999999999,tau,MEASURED,experiments/pilot/pipeline_runs/EXP-LF-B-05-S001/evaluation.json,timeline.kendall_tau_b,,"scipy.stats.kendalltau(GT order, reconstructed order, b)",b143d9a
rci_score,EXP-LF-B-05-S001,0.75,proportion,MEASURED,experiments/pilot/pipeline_runs/EXP-LF-B-05-S001/evaluation.json,root_cause.rci_score,,correct components / 4,b143d9a
reconstruction_time,EXP-LF-B-05-S001,0.1977534000761807,s,MEASURED,experiments/pilot/pipeline_runs/EXP-LF-B-05-S001/reconstruction.json,runtime_seconds,,,b143d9a
evidence_completeness,EXP-LF-B-05-S002,65.0,%,MEASURED,experiments/pilot/pipeline_runs/EXP-LF-B-05-S002/evaluation.json,evidence_completeness.ec,,recovered applicable items / applicable items x 100,b143d9a
event_recovery_rate,EXP-LF-B-05-S002,0.8571428571428571,proportion,MEASURED,experiments/pilot/pipeline_runs/EXP-LF-B-05-S002/evaluation.json,event_recovery.err,,recovered required GT events / required GT events,b143d9a
timeline_kendall_tau_b,EXP-LF-B-05-S002,0.9999999999999999,tau,MEASURED,experiments/pilot/pipeline_runs/EXP-LF-B-05-S002/evaluation.json,timeline.kendall_tau_b,,"scipy.stats.kendalltau(GT order, reconstructed order, b)",b143d9a
rci_score,EXP-LF-B-05-S002,0.75,proportion,MEASURED,experiments/pilot/pipeline_runs/EXP-LF-B-05-S002/evaluation.json,root_cause.rci_score,,correct components / 4,b143d9a
reconstruction_time,EXP-LF-B-05-S002,0.2837868999922648,s,MEASURED,experiments/pilot/pipeline_runs/EXP-LF-B-05-S002/reconstruction.json,runtime_seconds,,,b143d9a
evidence_completeness,EXP-LF-C-05-S001,100.0,%,MEASURED,experiments/pilot/pipeline_runs/EXP-LF-C-05-S001/evaluation.json,evidence_completeness.ec,,recovered applicable items / applicable items x 100,b143d9a
event_recovery_rate,EXP-LF-C-05-S001,1.0,proportion,MEASURED,experiments/pilot/pipeline_runs/EXP-LF-C-05-S001/evaluation.json,event_recovery.err,,recovered required GT events / required GT events,b143d9a
timeline_kendall_tau_b,EXP-LF-C-05-S001,1.0,tau,MEASURED,experiments/pilot/pipeline_runs/EXP-LF-C-05-S001/evaluation.json,timeline.kendall_tau_b,,"scipy.stats.kendalltau(GT order, reconstructed order, b)",b143d9a
rci_score,EXP-LF-C-05-S001,1.0,proportion,MEASURED,experiments/pilot/pipeline_runs/EXP-LF-C-05-S001/evaluation.json,root_cause.rci_score,,correct components / 4,b143d9a
reconstruction_time,EXP-LF-C-05-S001,0.24481070006731898,s,MEASURED,experiments/pilot/pipeline_runs/EXP-LF-C-05-S001/reconstruction.json,runtime_seconds,,,b143d9a
evidence_completeness,EXP-LF-C-05-S002,100.0,%,MEASURED,experiments/pilot/pipeline_runs/EXP-LF-C-05-S002/evaluation.json,evidence_completeness.ec,,recovered applicable items / applicable items x 100,b143d9a
event_recovery_rate,EXP-LF-C-05-S002,1.0,proportion,MEASURED,experiments/pilot/pipeline_runs/EXP-LF-C-05-S002/evaluation.json,event_recovery.err,,recovered required GT events / required GT events,b143d9a
timeline_kendall_tau_b,EXP-LF-C-05-S002,1.0,tau,MEASURED,experiments/pilot/pipeline_runs/EXP-LF-C-05-S002/evaluation.json,timeline.kendall_tau_b,,"scipy.stats.kendalltau(GT order, reconstructed order, b)",b143d9a
rci_score,EXP-LF-C-05-S002,1.0,proportion,MEASURED,experiments/pilot/pipeline_runs/EXP-LF-C-05-S002/evaluation.json,root_cause.rci_score,,correct components / 4,b143d9a
reconstruction_time,EXP-LF-C-05-S002,0.34702449990436435,s,MEASURED,experiments/pilot/pipeline_runs/EXP-LF-C-05-S002/reconstruction.json,runtime_seconds,,,b143d9a
evidence_storage_mb,EXP-BD-A-05-S001,0.055100440979003906,MB,MEASURED,experiments/pilot/pipeline_runs/EXP-BD-A-05-S001/run_summary.json,storage_bytes excl. model_files,,,b143d9a
evidence_storage_mb,EXP-BD-A-05-S002,0.055080413818359375,MB,MEASURED,experiments/pilot/pipeline_runs/EXP-BD-A-05-S002/run_summary.json,storage_bytes excl. model_files,,,b143d9a
evidence_storage_mb,EXP-BD-B-05-S001,0.05621623992919922,MB,MEASURED,experiments/pilot/pipeline_runs/EXP-BD-B-05-S001/run_summary.json,storage_bytes excl. model_files,,,b143d9a
evidence_storage_mb,EXP-BD-B-05-S002,0.056242942810058594,MB,MEASURED,experiments/pilot/pipeline_runs/EXP-BD-B-05-S002/run_summary.json,storage_bytes excl. model_files,,,b143d9a
evidence_storage_mb,EXP-BD-C-05-S001,11.436549186706543,MB,MEASURED,experiments/pilot/pipeline_runs/EXP-BD-C-05-S001/run_summary.json,storage_bytes excl. model_files,,,b143d9a
evidence_storage_mb,EXP-BD-C-05-S002,11.436541557312012,MB,MEASURED,experiments/pilot/pipeline_runs/EXP-BD-C-05-S002/run_summary.json,storage_bytes excl. model_files,,,b143d9a
evidence_storage_mb,EXP-CLEAN-A-00-S001,0.054581642150878906,MB,MEASURED,experiments/pilot/pipeline_runs/EXP-CLEAN-A-00-S001/run_summary.json,storage_bytes excl. model_files,,,b143d9a
evidence_storage_mb,EXP-CLEAN-A-00-S002,0.05534934997558594,MB,MEASURED,experiments/pilot/pipeline_runs/EXP-CLEAN-A-00-S002/run_summary.json,storage_bytes excl. model_files,,,b143d9a
evidence_storage_mb,EXP-CLEAN-B-00-S001,0.055825233459472656,MB,MEASURED,experiments/pilot/pipeline_runs/EXP-CLEAN-B-00-S001/run_summary.json,storage_bytes excl. model_files,,,b143d9a
evidence_storage_mb,EXP-CLEAN-B-00-S002,0.05664348602294922,MB,MEASURED,experiments/pilot/pipeline_runs/EXP-CLEAN-B-00-S002/run_summary.json,storage_bytes excl. model_files,,,b143d9a
evidence_storage_mb,EXP-CLEAN-C-00-S001,6.103537559509277,MB,MEASURED,experiments/pilot/pipeline_runs/EXP-CLEAN-C-00-S001/run_summary.json,storage_bytes excl. model_files,,,b143d9a
evidence_storage_mb,EXP-CLEAN-C-00-S002,6.1042633056640625,MB,MEASURED,experiments/pilot/pipeline_runs/EXP-CLEAN-C-00-S002/run_summary.json,storage_bytes excl. model_files,,,b143d9a
evidence_storage_mb,EXP-LF-A-05-S001,0.054642677307128906,MB,MEASURED,experiments/pilot/pipeline_runs/EXP-LF-A-05-S001/run_summary.json,storage_bytes excl. model_files,,,b143d9a
evidence_storage_mb,EXP-LF-A-05-S002,0.05542945861816406,MB,MEASURED,experiments/pilot/pipeline_runs/EXP-LF-A-05-S002/run_summary.json,storage_bytes excl. model_files,,,b143d9a
evidence_storage_mb,EXP-LF-B-05-S001,0.055891990661621094,MB,MEASURED,experiments/pilot/pipeline_runs/EXP-LF-B-05-S001/run_summary.json,storage_bytes excl. model_files,,,b143d9a
evidence_storage_mb,EXP-LF-B-05-S002,0.05664253234863281,MB,MEASURED,experiments/pilot/pipeline_runs/EXP-LF-B-05-S002/run_summary.json,storage_bytes excl. model_files,,,b143d9a
evidence_storage_mb,EXP-LF-C-05-S001,11.436205863952637,MB,MEASURED,experiments/pilot/pipeline_runs/EXP-LF-C-05-S001/run_summary.json,storage_bytes excl. model_files,,,b143d9a
evidence_storage_mb,EXP-LF-C-05-S002,11.43690013885498,MB,MEASURED,experiments/pilot/pipeline_runs/EXP-LF-C-05-S002/run_summary.json,storage_bytes excl. model_files,,,b143d9a
