evidence_item,conventional_A_design,provenance_B_design,forensic_C_observed,A_observed_in_genuine_run,B_observed_in_genuine_run,C_source,A_B_design_source
dataset identity,PARTIAL (store path in app.log),YES (MLflow dataset name/source),YES,NOT AVAILABLE (no genuine pipeline-A evidence directory),NOT AVAILABLE (no pipeline-B run executed),evidence/forensic/RUN-*/forensic_evidence.sqlite (forensic_events): DATASET_REGISTERED.artifact_id,src/mlfref/pipeline.py; docs/evidence_schema.md; tests/test_deployment.py; tests/test_reconstruction.py
dataset version,NO,PARTIAL (MLflow digest per input),YES,NOT AVAILABLE (no genuine pipeline-A evidence directory),NOT AVAILABLE (no pipeline-B run executed),evidence/forensic/RUN-*/forensic_evidence.sqlite (forensic_events): DATASET_REGISTERED / DATASET_VERSION_CREATED,src/mlfref/pipeline.py; docs/evidence_schema.md; tests/test_deployment.py; tests/test_reconstruction.py
dataset parent/lineage,NO,PARTIAL (same-source registration run),YES,NOT AVAILABLE (no genuine pipeline-A evidence directory),NOT AVAILABLE (no pipeline-B run executed),evidence/forensic/RUN-*/forensic_evidence.sqlite (forensic_events): DATASET_VERSION_CREATED.parent_artifact_id,src/mlfref/pipeline.py; docs/evidence_schema.md; tests/test_deployment.py; tests/test_reconstruction.py
dataset hash,NO,"PARTIAL (32-bit MLflow digest, D-032)",YES,NOT AVAILABLE (no genuine pipeline-A evidence directory),NOT AVAILABLE (no pipeline-B run executed),evidence/forensic/RUN-*/forensic_evidence.sqlite (forensic_events): DATASET_REGISTERED.artifact_hash (SHA-256 manifest),src/mlfref/pipeline.py; docs/evidence_schema.md; tests/test_deployment.py; tests/test_reconstruction.py
poisoned dataset identity,NO,PARTIAL (digest differs; no ID),YES,NOT AVAILABLE (no genuine pipeline-A evidence directory),NOT AVAILABLE (no pipeline-B run executed),evidence/forensic/RUN-*/forensic_evidence.sqlite (forensic_events): DATASET_VERSION_CREATED,src/mlfref/pipeline.py; docs/evidence_schema.md; tests/test_deployment.py; tests/test_reconstruction.py
training run ID,NO,YES (MLflow run_id),YES,NOT AVAILABLE (no genuine pipeline-A evidence directory),NOT AVAILABLE (no pipeline-B run executed),evidence/forensic/RUN-*/forensic_evidence.sqlite (forensic_events): TRAINING_STARTED.run_id,src/mlfref/pipeline.py; docs/evidence_schema.md; tests/test_deployment.py; tests/test_reconstruction.py
training start timestamp,YES (app.log),YES (MLflow start_time),YES,NOT AVAILABLE (no genuine pipeline-A evidence directory),NOT AVAILABLE (no pipeline-B run executed),evidence/forensic/RUN-*/forensic_evidence.sqlite (forensic_events): TRAINING_STARTED.timestamp_utc,src/mlfref/pipeline.py; docs/evidence_schema.md; tests/test_deployment.py; tests/test_reconstruction.py
training completion timestamp,YES (app.log),YES (MLflow end_time),YES,NOT AVAILABLE (no genuine pipeline-A evidence directory),NOT AVAILABLE (no pipeline-B run executed),evidence/forensic/RUN-*/forensic_evidence.sqlite (forensic_events): TRAINING_COMPLETED.timestamp_utc,src/mlfref/pipeline.py; docs/evidence_schema.md; tests/test_deployment.py; tests/test_reconstruction.py
random seed,YES (app.log training line),YES (MLflow param),YES,NOT AVAILABLE (no genuine pipeline-A evidence directory),NOT AVAILABLE (no pipeline-B run executed),evidence/forensic/RUN-*/forensic_evidence.sqlite (forensic_events): MLflow params / app.log,src/mlfref/pipeline.py; docs/evidence_schema.md; tests/test_deployment.py; tests/test_reconstruction.py
hyperparameters,YES (app.log training line),YES (MLflow params),YES,NOT AVAILABLE (no genuine pipeline-A evidence directory),NOT AVAILABLE (no pipeline-B run executed),evidence/forensic/RUN-*/forensic_evidence.sqlite (forensic_events): TRAINING_STARTED.metadata.hyperparameters,src/mlfref/pipeline.py; docs/evidence_schema.md; tests/test_deployment.py; tests/test_reconstruction.py
code/Git version,NO,YES (MLflow tag mlflow.source.git.commit),YES,NOT AVAILABLE (no genuine pipeline-A evidence directory),NOT AVAILABLE (no pipeline-B run executed),evidence/forensic/RUN-*/forensic_evidence.sqlite (forensic_events): EXPERIMENT_STARTED.metadata.git_commit,src/mlfref/pipeline.py; docs/evidence_schema.md; tests/test_deployment.py; tests/test_reconstruction.py
model ID,PARTIAL (file path),YES (registry version),YES,NOT AVAILABLE (no genuine pipeline-A evidence directory),NOT AVAILABLE (no pipeline-B run executed),evidence/forensic/RUN-*/forensic_evidence.sqlite (forensic_events): MODEL_CREATED.artifact_id,src/mlfref/pipeline.py; docs/evidence_schema.md; tests/test_deployment.py; tests/test_reconstruction.py
model hash,NO (post-hoc only),NO,YES,NOT AVAILABLE (no genuine pipeline-A evidence directory),NOT AVAILABLE (no pipeline-B run executed),evidence/forensic/RUN-*/forensic_evidence.sqlite (forensic_events): MODEL_HASHED.artifact_hash,src/mlfref/pipeline.py; docs/evidence_schema.md; tests/test_deployment.py; tests/test_reconstruction.py
model-to-training relationship,PARTIAL (log ordering),YES (model version run_id),YES,NOT AVAILABLE (no genuine pipeline-A evidence directory),NOT AVAILABLE (no pipeline-B run executed),evidence/forensic/RUN-*/forensic_evidence.sqlite (forensic_events): MODEL_HASHED.run_id,src/mlfref/pipeline.py; docs/evidence_schema.md; tests/test_deployment.py; tests/test_reconstruction.py
deployment ID,NO,NO,YES,NOT AVAILABLE (no genuine pipeline-A evidence directory),NOT AVAILABLE (no pipeline-B run executed),evidence/forensic/RUN-*/forensic_evidence.sqlite (forensic_events): MODEL_DEPLOYED.deployment_id,src/mlfref/pipeline.py; docs/evidence_schema.md; tests/test_deployment.py; tests/test_reconstruction.py
deployment timestamp,YES (app.log),YES (app.log),YES,NOT AVAILABLE (no genuine pipeline-A evidence directory),NOT AVAILABLE (no pipeline-B run executed),evidence/forensic/RUN-*/forensic_evidence.sqlite (forensic_events): MODEL_DEPLOYED.timestamp_utc,src/mlfref/pipeline.py; docs/evidence_schema.md; tests/test_deployment.py; tests/test_reconstruction.py
model-to-deployment relationship,PARTIAL (copied path in app.log),YES (registry alias production),YES,NOT AVAILABLE (no genuine pipeline-A evidence directory),NOT AVAILABLE (no pipeline-B run executed),evidence/forensic/RUN-*/forensic_evidence.sqlite (forensic_events): MODEL_DEPLOYED.parent_artifact_id / artifact_hash,src/mlfref/pipeline.py; docs/evidence_schema.md; tests/test_deployment.py; tests/test_reconstruction.py
inference request ID,YES (app.log),YES (app.log),YES,NOT AVAILABLE (no genuine pipeline-A evidence directory),NOT AVAILABLE (no pipeline-B run executed),evidence/forensic/RUN-*/forensic_evidence.sqlite (forensic_events): INFERENCE_REQUEST.artifact_id,src/mlfref/pipeline.py; docs/evidence_schema.md; tests/test_deployment.py; tests/test_reconstruction.py
inference timestamp,YES (app.log),YES (app.log),YES,NOT AVAILABLE (no genuine pipeline-A evidence directory),NOT AVAILABLE (no pipeline-B run executed),evidence/forensic/RUN-*/forensic_evidence.sqlite (forensic_events): INFERENCE_RESULT.timestamp_utc,src/mlfref/pipeline.py; docs/evidence_schema.md; tests/test_deployment.py; tests/test_reconstruction.py
input hash/identifier,PARTIAL (request ID only),PARTIAL (request ID only),YES,NOT AVAILABLE (no genuine pipeline-A evidence directory),NOT AVAILABLE (no pipeline-B run executed),evidence/forensic/RUN-*/forensic_evidence.sqlite (forensic_events): INFERENCE_REQUEST.artifact_hash,src/mlfref/pipeline.py; docs/evidence_schema.md; tests/test_deployment.py; tests/test_reconstruction.py
predicted class,YES (app.log),YES (app.log),YES,NOT AVAILABLE (no genuine pipeline-A evidence directory),NOT AVAILABLE (no pipeline-B run executed),evidence/forensic/RUN-*/forensic_evidence.sqlite (forensic_events): INFERENCE_RESULT.metadata.predicted_class,src/mlfref/pipeline.py; docs/evidence_schema.md; tests/test_deployment.py; tests/test_reconstruction.py
prediction confidence,NO,NO,YES,NOT AVAILABLE (no genuine pipeline-A evidence directory),NOT AVAILABLE (no pipeline-B run executed),evidence/forensic/RUN-*/forensic_evidence.sqlite (forensic_events): INFERENCE_RESULT.metadata.confidence,src/mlfref/pipeline.py; docs/evidence_schema.md; tests/test_deployment.py; tests/test_reconstruction.py
integrity verification,NO,NO,YES,NOT AVAILABLE (no genuine pipeline-A evidence directory),NOT AVAILABLE (no pipeline-B run executed),evidence/forensic/RUN-*/forensic_evidence.sqlite (forensic_events): DATASET_INTEGRITY_VERIFIED / ARTIFACT_INTEGRITY_CHECK,src/mlfref/pipeline.py; docs/evidence_schema.md; tests/test_deployment.py; tests/test_reconstruction.py
event relationships,NO,PARTIAL (MLflow lineage),YES,NOT AVAILABLE (no genuine pipeline-A evidence directory),NOT AVAILABLE (no pipeline-B run executed),evidence/forensic/RUN-*/forensic_evidence.sqlite (forensic_events): parent_artifact_id / run_id / deployment_id,src/mlfref/pipeline.py; docs/evidence_schema.md; tests/test_deployment.py; tests/test_reconstruction.py
previous event/event chain,NO,NO,YES,NOT AVAILABLE (no genuine pipeline-A evidence directory),NOT AVAILABLE (no pipeline-B run executed),evidence/forensic/RUN-*/forensic_evidence.sqlite (forensic_events): previous_event_id / previous_event_hash / event_hash,src/mlfref/pipeline.py; docs/evidence_schema.md; tests/test_deployment.py; tests/test_reconstruction.py
MLflow run,NO,YES,YES,NOT AVAILABLE (no genuine pipeline-A evidence directory),NOT AVAILABLE (no pipeline-B run executed),evidence/forensic/RUN-*/forensic_evidence.sqlite (forensic_events): mlruns/mlflow.db (runs),src/mlfref/pipeline.py; docs/evidence_schema.md; tests/test_deployment.py; tests/test_reconstruction.py
MLflow artifacts,NO,YES,YES,NOT AVAILABLE (no genuine pipeline-A evidence directory),NOT AVAILABLE (no pipeline-B run executed),evidence/forensic/RUN-*/forensic_evidence.sqlite (forensic_events): mlruns/artifacts/,src/mlfref/pipeline.py; docs/evidence_schema.md; tests/test_deployment.py; tests/test_reconstruction.py
