epoch,train_loss,train_accuracy,learning_rate,epoch_train_seconds,test_loss,test_accuracy,epoch_eval_seconds
1,1.97033125,0.3076,0.1,23.192321999929845,1.6584893676757813,0.3722,1.4727721000090241
2,1.45783984375,0.45966,0.09972609476841367,21.68344629998319,1.3368929260253906,0.4934,1.3867870999965817
3,1.196589296875,0.56074,0.09890738003669028,21.77035739994608,1.0901658325195311,0.5767,1.4381498999428004
4,0.977391484375,0.63864,0.09755282581475767,22.31692639994435,0.9946801971435547,0.6518,1.46841279999353
5,0.813736875,0.69794,0.09567727288213003,25.137545600067824,0.9469933654785156,0.6488,1.4773626999231055
6,0.7080503125,0.73428,0.09330127018922194,22.087437200010754,0.7291715530395508,0.729,1.461200000019744
7,0.637818984375,0.76032,0.09045084971874737,21.84695479995571,0.6750995239257812,0.741,1.3976967999478802
8,0.5825237109375,0.77942,0.0871572412738697,21.95964339992497,0.673021923828125,0.742,1.4222082999767736
9,0.552575078125,0.79138,0.0834565303179429,22.432531099999323,0.7224334838867188,0.7235,1.389642299967818
10,0.5185846484375,0.8,0.07938926261462365,21.64562450000085,0.6106116516113281,0.784,1.3695459000300616
11,0.485124296875,0.81346,0.07499999999999998,21.825282999896444,0.825221875,0.6772,1.3745288000209257
12,0.4631438671875,0.8199,0.07033683215379001,21.714976500021294,0.5560128036499024,0.8157,1.3359110000310466
13,0.4466331640625,0.8259,0.06545084971874737,22.315133600030094,0.6058210235595703,0.8086,1.2965393000049517
14,0.4151845703125,0.83626,0.06039558454088796,21.91179749998264,0.5268960464477539,0.8229,1.3379744000267237
15,0.3967034765625,0.84338,0.05522642316338268,22.42667509999592,0.6286046630859375,0.8122,1.3626986000454053
16,0.3703540234375,0.85172,0.05000000000000001,27.05563900002744,0.522688705444336,0.8195,1.2951001999899745
17,0.3490389453125,0.85882,0.04477357683661733,21.782521500019357,0.4726694290161133,0.7861,1.348449599929154
18,0.3215586328125,0.86666,0.03960441545911203,21.96374219993595,0.47659194641113284,0.7851,1.3088963000336662
19,0.29642595703125,0.8759,0.03454915028125263,21.29851840005722,0.5362673599243164,0.8082,1.3304849000414833
20,0.270715,0.8848,0.029663167846209995,22.505045700003393,0.42910858001708985,0.7968,1.26284070010297
21,0.24862484375,0.89296,0.025000000000000015,21.930942000006326,0.41815660781860353,0.8335,1.2952988999895751
22,0.2184486328125,0.90388,0.020610737385376353,21.729764799936675,0.39469383697509763,0.8148,1.2806306999409571
23,0.19061119140625,0.91418,0.01654346968205711,27.39196419995278,0.324420849609375,0.882,1.2813271000050008
24,0.16702994140625,0.92248,0.0128427587261303,24.642454700078815,0.3224784408569336,0.9043,1.2913605999201536
25,0.14353734375,0.93138,0.009549150281252639,23.750124800018966,0.3271676422119141,0.8794,1.3033847000915557
26,0.1231809765625,0.9408,0.006698729810778069,26.7515256999759,0.30397369384765627,0.8978,1.3217436000704765
27,0.10892669921875,0.94572,0.004322727117869954,40.88661789998878,0.2898268325805664,0.8942,1.4321476999903098
28,0.099358193359375,0.9495,0.0024471741852423253,62.777212899993174,0.28380459136962893,0.9051,1.8978898000204936
29,0.09219798828125,0.95222,0.0010926199633097165,50.63082780002151,0.285455012512207,0.9058,1.3002437999239191
30,0.090628095703125,0.95254,0.00027390523158633015,44.536674099974334,0.2874419555664062,0.9011,1.3303001000313088
