data_origin,experiment_id,pipeline,attack_type,poison_rate,seed,clean_test_accuracy,attack_success_rate,source_to_target_rate,evidence_completeness,event_recovery_rate,timeline_kendall_tau_b,rci_score,clean_control_correct,reconstruction_seconds,training_seconds,evidence_total_bytes,peak_rss_mb,evidence_total_mb
SYNTHETIC,SYN-CLEAN-A-00-S001,A,none,0.0,1,0.931497450337564,,,0.3873290381909076,0.6484121002566839,1.0,,False,0.3375875499456061,686.806958369418,55118.47420390716,1719.763527251776,0.05256507320776668
SYNTHETIC,SYN-CLEAN-B-00-S001,B,none,0.0,1,0.9307859834432292,,,0.6143834013831992,0.8807138691205773,0.9413271003824886,,True,2.253311188653365,702.644161169586,49348525.32650332,1786.1799868225514,47.06242115640957
SYNTHETIC,SYN-CLEAN-C-00-S001,C,none,0.0,1,0.9305552541125748,,,0.9379992859260314,0.9459640998502544,1.0,,True,3.6816353845215737,711.2115162018076,64028042.51504024,1765.641227583126,61.061899676361314
SYNTHETIC,SYN-LF-A-01-S001,A,label_flip,0.01,1,0.9256209805850344,,0.0747431611237288,0.4059139593860079,0.7059637868403285,0.9912561355641842,0.75,,0.4990794897131883,687.0630389923974,46723.8108858498,1719.216207648832,0.04455929840645771
SYNTHETIC,SYN-LF-B-01-S001,B,label_flip,0.01,1,0.9259345737458504,,0.0747431611237288,0.650325927616235,0.9117647262821796,0.9866257043004518,0.75,,1.4426496129371966,700.6394147784769,48503908.36782258,1767.21937895846,46.25693165571459
SYNTHETIC,SYN-LF-C-01-S001,C,label_flip,0.01,1,0.9252694800833254,,0.0747431611237288,0.9606871888654954,0.9853320474085184,0.9870202419744142,1.0,,4.536492083381539,713.4444457292079,64991161.544893645,1760.6851101505574,61.98040155877461
SYNTHETIC,SYN-LF-A-03-S001,A,label_flip,0.03,1,0.913988920551156,,0.2535355415853256,0.4360904123559573,0.7349617740458861,1.0,0.75,,0.3324419043735228,690.8051071256618,55817.96257488549,1745.9227968743423,0.053232157301793565
SYNTHETIC,SYN-LF-B-03-S001,B,label_flip,0.03,1,0.9138832148765014,,0.2535355415853256,0.6439673624850808,0.8759568053671889,0.9661606692747412,0.75,,1.7732472218147903,705.2428383000348,51055957.56409352,1777.7108232230482,48.6907554284034
SYNTHETIC,SYN-LF-C-03-S001,C,label_flip,0.03,1,0.9152983158688176,,0.2535355415853256,0.9555455895427326,0.9820316795214904,0.9946601677079956,1.0,,3.4592460864546783,717.4112133926474,63479077.92898687,1795.0054449426857,60.538366250025625
SYNTHETIC,SYN-LF-A-05-S001,A,label_flip,0.05,1,0.9043039962310698,,0.4258229507118811,0.3626437701074869,0.7320902672702277,0.9842034948150824,0.75,,0.4631086256230727,689.5217106384239,57350.139304917466,1714.775795198583,0.054693354897420374
SYNTHETIC,SYN-LF-B-05-S001,B,label_flip,0.05,1,0.9039969233721477,,0.4258229507118811,0.6736635656919109,0.908121407720395,0.9908023586281712,0.75,,2.363313546208168,704.0487166929352,49195247.72937378,1788.7792346541244,46.916244248746665
SYNTHETIC,SYN-LF-C-05-S001,C,label_flip,0.05,1,0.904297669658676,,0.4258229507118811,1.0,0.9415163296780772,0.992196569459596,1.0,,3.085738454129732,707.2548294605027,63840647.09470205,1778.5892785739338,60.88318547697263
SYNTHETIC,SYN-BD-A-01-S001,A,backdoor,0.01,1,0.9319098296543282,0.9164752150128158,,0.4070271313620471,0.7184803122692807,0.9912866893419128,0.75,,0.4173275000118218,688.1640870877209,51596.37481625569,1717.811539665077,0.049206137481933296
SYNTHETIC,SYN-BD-B-01-S001,B,backdoor,0.01,1,0.9320360925735232,0.9164752150128158,,0.6115938071398179,0.9310843905480628,0.9443045963365668,0.75,,1.1427816279374023,708.6652890533394,48576034.162339866,1750.5532620204042,46.32571617349612
SYNTHETIC,SYN-BD-C-01-S001,C,backdoor,0.01,1,0.9325313754395272,0.9164752150128158,,0.9406888240995191,0.970093150536676,0.9781200118766044,1.0,,5.32637383946366,716.9060781281672,62641030.952335134,1739.1324680484122,59.73914237245096
SYNTHETIC,SYN-BD-A-03-S001,A,backdoor,0.03,1,0.933757585432642,0.9912226023618612,,0.3699602741628201,0.6456425880328549,1.0,0.75,,0.2644322239744078,684.7251656299247,50562.63793296056,1712.7399523109796,0.04822028916641289
SYNTHETIC,SYN-BD-B-03-S001,B,backdoor,0.03,1,0.9336564963526366,0.9912226023618612,,0.6287424827544398,0.9905975219850864,0.975020617220166,0.75,,2.397178764284302,706.0188442905796,49071371.85858399,1765.0674016686462,46.79810701235198
SYNTHETIC,SYN-BD-C-03-S001,C,backdoor,0.03,1,0.933213639264032,0.9912226023618612,,0.982224140063936,0.9966105463735698,1.0,1.0,,4.007956114462257,710.900390049846,63466488.58794323,1757.729539292628,60.52636011881183
SYNTHETIC,SYN-BD-A-05-S001,A,backdoor,0.05,1,0.933136879764158,1.0,,0.4409779577613539,0.7804443430278154,0.9809657604070569,0.75,,0.5762626756359723,690.7861542672728,54495.4593863124,1725.259169900608,0.05197091997748604
SYNTHETIC,SYN-BD-B-05-S001,B,backdoor,0.05,1,0.93325488552515,1.0,,0.6453915602109791,0.9095432105907968,0.9601474832614284,0.75,,1.9150112405126023,707.0416324103771,49872221.78644119,1784.4125263471385,47.56185701984519
SYNTHETIC,SYN-BD-C-05-S001,C,backdoor,0.05,1,0.933401484000932,1.0,,0.970938102528563,0.999947658490962,0.9920143534583736,1.0,,2.8469076009000363,715.71282130871,63616487.91876622,1767.771639168082,60.66941062809584
SYNTHETIC,SYN-CLEAN-A-00-S002,A,none,0.0,2,0.9305745899581676,,,0.4002313412824145,0.7093156564981343,0.9932111289650728,,False,0.3964873974207804,700.474774565896,53165.51924462073,1723.5664729205812,0.050702590221997
SYNTHETIC,SYN-CLEAN-B-00-S002,B,none,0.0,2,0.9303541203548006,,,0.570119219788135,0.9401308595020148,0.9810873237219474,,True,1.5392200238667022,709.4135762393593,49355138.51453213,1779.2433394936352,47.06872798398221
SYNTHETIC,SYN-CLEAN-C-00-S002,C,none,0.0,2,0.931182241442814,,,0.9564034658348596,0.9947767713035044,0.9903025346946928,,True,4.011973566978724,717.4114332057939,64157932.29124247,1805.570068787539,61.18577221988914
SYNTHETIC,SYN-LF-A-01-S002,A,label_flip,0.01,2,0.92931462065876,,0.0847693608008153,0.4072260846616966,0.608038449992033,0.9791723129780396,0.75,,0.3142304041366637,696.5701913971143,49302.14855140815,1708.8319060425354,0.04701819281712356
SYNTHETIC,SYN-LF-B-01-S002,B,label_flip,0.01,2,0.9292212401094768,,0.0847693608008153,0.6735056513839001,0.9536566278870656,0.9848317255120772,0.75,,1.743694722566046,711.8435745783678,49017551.681567565,1783.4932381495676,46.74678009182698
SYNTHETIC,SYN-LF-C-01-S002,C,label_flip,0.01,2,0.9291214216137096,,0.0847693608008153,0.9672791747071214,0.9955886977022024,0.9857641748457364,1.0,,2.98368621726412,723.8020542811511,64348745.16598167,1780.2147532339734,61.367745557767556
SYNTHETIC,SYN-LF-A-03-S002,A,label_flip,0.03,2,0.9223884289537356,,0.2800947043231714,0.3896864344491711,0.7074140176268118,0.9547181865343952,0.75,,0.5515760542150949,691.8442096993352,58973.44218378933,1714.0518586078383,0.0562414571607488
SYNTHETIC,SYN-LF-B-03-S002,B,label_flip,0.03,2,0.9211457240291592,,0.2800947043231714,0.6171178035538148,0.8816164501331475,0.9655319366761552,0.75,,1.4809344159251194,707.8793212282939,49855313.18996605,1779.0005946837557,47.545731725660374
SYNTHETIC,SYN-LF-C-03-S002,C,label_flip,0.03,2,0.921783862748538,,0.2800947043231714,0.9279835859539142,0.9895657064672866,1.0,1.0,,3.364821288644184,719.4691800627909,62591122.291981496,1784.1776728522666,59.69154576490545
SYNTHETIC,SYN-LF-A-05-S002,A,label_flip,0.05,2,0.8987177970304108,,0.3994389917466576,0.3992057340471549,0.6876360877583506,0.9745740119441588,0.75,,0.3077168573510153,696.5524122717285,51454.823653929685,1693.457100297152,0.049071143773965535
SYNTHETIC,SYN-LF-B-05-S002,B,label_flip,0.05,2,0.8982821238059883,,0.3994389917466576,0.6414303786936619,0.890158602511484,0.9032440734140572,0.75,,2.3402111767085083,709.727329386322,49436099.52626861,1779.0520146962265,47.145938421505555
SYNTHETIC,SYN-LF-C-05-S002,C,label_flip,0.05,2,0.8991372954865435,,0.3994389917466576,0.9527508362580296,0.9833931853551628,0.9419368621982296,1.0,,4.877647322566255,720.6801757278188,62544451.2433377,1781.5649019524049,59.64703678449411
SYNTHETIC,SYN-BD-A-01-S002,A,backdoor,0.01,2,0.9285381247494044,0.911449369551059,,0.4554173385065117,0.6229570635749415,0.9737401212294666,0.75,,0.4135290223133321,697.4135448365953,54959.90091783451,1727.5220515841525,0.052413845937571056
SYNTHETIC,SYN-BD-B-01-S002,B,backdoor,0.01,2,0.9285610147616616,0.911449369551059,,0.6481116829583136,0.9005012811337001,0.9866374329250428,0.75,,1.051708703674691,711.6246819866337,49620487.869235486,1793.6275661385894,47.32178484843777
SYNTHETIC,SYN-BD-C-01-S002,C,backdoor,0.01,2,0.928616020623478,0.911449369551059,,0.955654989503595,0.9922218994563372,1.0,1.0,,4.192542942794762,715.8280907644918,63980277.48478391,1766.2029014449106,61.016347393783484
SYNTHETIC,SYN-BD-A-03-S002,A,backdoor,0.03,2,0.9309334703413686,0.9492622424133575,,0.4095311059176629,0.6791282481830202,0.9904836196996047,0.75,,0.4609530215159641,696.5746095306085,62048.88334029735,1736.9132408819205,0.059174426403329226
SYNTHETIC,SYN-BD-B-03-S002,B,backdoor,0.03,2,0.9302345876581196,0.9492622424133575,,0.600139604845757,0.9629070365819656,1.0,0.75,,2.367397712907004,709.7738001168706,48985752.882547945,1757.2936123917057,46.7164543939094
SYNTHETIC,SYN-BD-C-03-S002,C,backdoor,0.03,2,0.9303029215447328,0.9492622424133575,,0.957282929222545,1.0,0.9772313685936508,1.0,,2.816878066174464,726.0352725856135,62826643.48898439,1758.044832596793,59.91615628145637
SYNTHETIC,SYN-BD-A-05-S002,A,backdoor,0.05,2,0.9295210263002276,1.0,,0.4211739198421131,0.7185596402699934,0.977492335150414,0.75,,0.4836521916904868,695.3741057592509,56249.0821345929,1714.4222707860608,0.05364330495318689
SYNTHETIC,SYN-BD-B-05-S002,B,backdoor,0.05,2,0.9292671619623096,1.0,,0.5810613133317344,0.9293121322979372,0.9806510985276332,0.75,,1.244597680617846,707.4644286477768,49524991.09890668,1797.5465976390626,47.230712031275445
SYNTHETIC,SYN-BD-C-05-S002,C,backdoor,0.05,2,0.9289192874014868,1.0,,1.0,0.975356770172235,0.9667139909305722,1.0,,2.6647805038175365,720.1739285799567,63947446.26348706,1764.2548615535386,60.98503710125643
SYNTHETIC,SYN-CLEAN-A-00-S003,A,none,0.0,3,0.9305540557662272,,,0.400446517861941,0.6924170205601207,0.957673873998294,,False,0.5490892824949065,698.839965547591,41579.83354079352,1717.0016446183731,0.03965361932830193
SYNTHETIC,SYN-CLEAN-B-00-S003,B,none,0.0,3,0.9305257631181868,,,0.7169342012059773,0.9215575111528218,0.9975694016558566,,True,1.681588622888237,714.7859137667839,48237561.338915415,1776.2586975135075,46.00292333499471
SYNTHETIC,SYN-CLEAN-C-00-S003,C,none,0.0,3,0.9301827409486744,,,0.9626186884237998,1.0,0.9530733590182544,,True,4.486375814383352,721.1754814849427,63266293.87861514,1767.569977689575,60.33543956624521
SYNTHETIC,SYN-LF-A-01-S003,A,label_flip,0.01,3,0.92368022165122,,0.0648432041342373,0.4725848650951524,0.6408823275026584,0.9604154733973144,0.75,,0.371984154042667,693.2025379407187,55205.79039375107,1705.679018867528,0.052648344415427276
SYNTHETIC,SYN-LF-B-01-S003,B,label_flip,0.01,3,0.9225219770033952,,0.0648432041342373,0.6262176993374986,0.9408475063316064,0.987354070493991,0.75,,2.1332906077225373,711.5415134727778,49469870.49583384,1781.9509489370132,47.17814492782005
SYNTHETIC,SYN-LF-C-01-S003,C,label_flip,0.01,3,0.9237032156179554,,0.0648432041342373,0.9759101326164472,0.9980351767466236,0.9308545867663538,1.0,,3.0086662733502707,716.9598015258094,64204051.578968376,1781.717322372685,61.22975500008428
SYNTHETIC,SYN-LF-A-03-S003,A,label_flip,0.03,3,0.9156731513919688,,0.2030180476384125,0.3579816517043185,0.6918390872230593,0.9869409518591414,0.75,,0.4465040668479262,699.3815276582089,56829.09621172812,1714.9453965225955,0.05419644948170483
SYNTHETIC,SYN-LF-B-03-S003,B,label_flip,0.03,3,0.9145983422314824,,0.2030180476384125,0.6025878292764124,0.9137303262454708,0.9482710688582684,0.75,,1.1954373914997074,711.1155737987041,48948726.08836569,1780.6801093807933,46.681142891278924
SYNTHETIC,SYN-LF-C-03-S003,C,label_flip,0.03,3,0.9150594310438596,,0.2030180476384125,0.9856344655362286,0.9918418310277836,0.9702303230731092,1.0,,3.175796421978196,722.3896554304499,63692072.01461035,1766.8650304097137,60.74149323903117
SYNTHETIC,SYN-LF-A-05-S003,A,label_flip,0.05,3,0.9030442195084838,,0.3816023618607952,0.4026112788745121,0.7057328305543368,0.962591261401354,0.75,,0.3710095653875074,699.718254887408,51958.79680460457,1752.27268180461,0.04955177002392251
SYNTHETIC,SYN-LF-B-05-S003,B,label_flip,0.05,3,0.9021269710217809,,0.3816023618607952,0.6351297470527342,0.8523300988785276,0.9607164740273028,0.75,,1.7943242724734687,714.5431239951349,49956267.67896248,1753.9253447566125,47.64200942894218
SYNTHETIC,SYN-LF-C-05-S003,C,label_flip,0.05,3,0.9028743280469778,,0.3816023618607952,0.9678861844145854,0.9979634162674512,0.9995255044812704,1.0,,3.26197308375424,719.2179143514414,62500580.316044725,1785.4332909368416,59.60519820789788
SYNTHETIC,SYN-BD-A-01-S003,A,backdoor,0.01,3,0.9349788864209276,0.8942759646235687,,0.4077666732179751,0.6879538435246138,0.9898358071131098,0.75,,0.2874505148355006,697.4673691520492,53450.8451738056,1721.0239592835212,0.050974698232465365
SYNTHETIC,SYN-BD-B-01-S003,B,backdoor,0.01,3,0.9347827895663638,0.8942759646235687,,0.6877507071865435,0.963423373900452,0.9678389703008564,0.75,,1.5551832360973874,711.5475491279561,49945141.86953104,1783.1751926232,47.63139903023819
SYNTHETIC,SYN-BD-C-01-S003,C,backdoor,0.01,3,0.9352625500549908,0.8942759646235687,,0.9725996465804276,0.9829389393274794,1.0,1.0,,5.945173862688991,719.5897912558762,63967814.51470597,1774.5967909240471,61.00446177931401
SYNTHETIC,SYN-BD-A-03-S003,A,backdoor,0.03,3,0.93188679378832,0.9571853066293838,,0.387940508825548,0.6671426453478272,0.964406114654588,0.75,,0.4005389872670569,700.2742007957995,49350.23643934698,1740.7082492726208,0.04706405300078104
SYNTHETIC,SYN-BD-B-03-S003,B,backdoor,0.03,3,0.9318002265806424,0.9571853066293838,,0.669100376181198,0.9442366241078624,1.0,0.75,,2.4749738103988816,710.4328041781877,49011622.43327187,1779.3724004055564,46.74112552001178
SYNTHETIC,SYN-BD-C-03-S003,C,backdoor,0.03,3,0.9302992043221348,0.9571853066293838,,0.9904621442609706,0.9565739164083767,0.9650004197109072,1.0,,3.459987498993448,722.5036751686325,63795284.22433192,1809.8192761417408,60.83992407258217
SYNTHETIC,SYN-BD-A-05-S003,A,backdoor,0.05,3,0.9340191859147664,1.0,,0.3769465843771946,0.6532335373513405,1.0,0.75,,0.3952164592096184,694.4055785101134,56199.84766798167,1708.60655696221,0.0535963513068978
SYNTHETIC,SYN-BD-B-05-S003,B,backdoor,0.05,3,0.933341069901196,1.0,,0.5311690776907269,0.927189933098685,0.967218824749612,0.75,,1.8269695198023037,709.703763257637,50000733.67070888,1757.6476863948235,47.68441550322426
SYNTHETIC,SYN-BD-C-05-S003,C,backdoor,0.05,3,0.9334072948695444,1.0,,0.959981469407188,0.961174052172188,0.9990120205317736,1.0,,4.539727298064303,721.8772968096492,63730681.47571296,1778.7542628466394,60.77831409045502
SYNTHETIC,SYN-CLEAN-A-00-S004,A,none,0.0,4,0.93680420098768,,,0.3915909348177998,0.7438583055182396,1.0,,False,0.404027990745588,687.8687112302996,57739.323043727614,1755.5023822195503,0.05506450943348657
SYNTHETIC,SYN-CLEAN-B-00-S004,B,none,0.0,4,0.936326808228155,,,0.6448639601769302,0.9349958320345696,0.970739472741778,,True,1.7070873602983885,701.4340331598748,48891163.588984124,1752.1877261006553,46.626247014030575
SYNTHETIC,SYN-CLEAN-C-00-S004,C,none,0.0,4,0.9367520362814956,,,1.0,0.9754479315936138,0.9913088548907276,,True,2.983596453843191,715.9867227684263,65288028.59866668,1782.9195262849707,62.26351604334515
SYNTHETIC,SYN-LF-A-01-S004,A,label_flip,0.01,4,0.9261824592829672,,0.1128261006836701,0.4079730315996089,0.6036310029237995,0.9480405035359348,0.75,,0.1641387591362987,692.93895226122,53852.465149924654,1727.324754250904,0.051357712888645796
SYNTHETIC,SYN-LF-B-01-S004,B,label_flip,0.01,4,0.9269393318750836,,0.1128261006836701,0.6774565109163354,0.945331474506938,1.0,0.75,,1.172829229253021,701.9085774385941,49708160.38785443,1789.387102347663,47.405395877699306
SYNTHETIC,SYN-LF-C-01-S004,C,label_flip,0.01,4,0.9261529508076708,,0.1128261006836701,0.9725720187626644,1.0,0.9748178513926732,1.0,,4.953336815979973,711.7062115564657,64708451.76633957,1765.2488363982309,61.71078850397069
SYNTHETIC,SYN-LF-A-03-S004,A,label_flip,0.03,4,0.913087899033468,,0.2382911005221716,0.4150552107003885,0.6870171800175704,0.959041609425506,0.75,,0.4056921061197924,684.9890156409217,54761.68320095446,1719.9026664741225,0.05222481079192587
SYNTHETIC,SYN-LF-B-03-S004,B,label_flip,0.03,4,0.914245814609608,,0.2382911005221716,0.5873112049974375,0.9149648056682672,1.0,0.75,,2.2679661174499315,702.252633969302,48679758.272282764,1781.9104990785668,46.42463519314076
SYNTHETIC,SYN-LF-C-03-S004,C,label_flip,0.03,4,0.914376113156256,,0.2382911005221716,0.9850993697401648,0.9940916826695212,0.9719523234776832,1.0,,3.5617212577303623,716.5117272549646,64613535.47646868,1782.918281323255,61.62026927611225
SYNTHETIC,SYN-LF-A-05-S004,A,label_flip,0.05,4,0.9029685317922624,,0.3577890896425594,0.4273434345857494,0.688472945889768,0.9513863593895078,0.75,,0.2554921677444535,685.088242746643,54444.13598269965,1721.3579234688748,0.051921974165630005
SYNTHETIC,SYN-LF-B-05-S004,B,label_flip,0.05,4,0.9031135999191812,,0.3577890896425594,0.6670382275288121,0.9153682523845182,0.9870447047111582,0.75,,2.1804207126489805,695.2174882270372,49419090.671077006,1781.9762729702563,47.12971751315785
SYNTHETIC,SYN-LF-C-05-S004,C,label_flip,0.05,4,0.9028284416531324,,0.3577890896425594,0.985517102549996,1.0,0.97325115268222,1.0,,5.600636665507113,711.4470915225684,63672528.95496925,1793.2957177029316,60.72285552498746
SYNTHETIC,SYN-BD-A-01-S004,A,backdoor,0.01,4,0.930474845162707,0.9372710633273814,,0.4936148767714027,0.6753460677703351,0.9821165401723196,0.75,,0.4041199264693719,689.174239635989,44970.56133475703,1695.3978591707178,0.04288726933932975
SYNTHETIC,SYN-BD-B-01-S004,B,backdoor,0.01,4,0.9307561302398284,0.9372710633273814,,0.5993132200424943,0.8769360472239769,0.9788471655729364,0.75,,0.992725035192813,705.296201369763,49102997.67857868,1785.5649822869402,46.828267744616205
SYNTHETIC,SYN-BD-C-01-S004,C,backdoor,0.01,4,0.9310576938936764,0.9372710633273814,,0.9885763077305708,1.0,0.9836761098204824,1.0,,3.124322299120502,712.9224299482734,64345160.62327938,1755.3030443001724,61.364327071456316
SYNTHETIC,SYN-BD-A-03-S004,A,backdoor,0.03,4,0.9362533480708636,0.9259614402734148,,0.4268803536391171,0.6785214894235406,0.9650323779819252,0.75,,0.4828902781789559,688.781638185456,56382.04282957043,1730.493580629705,0.05377010615307849
SYNTHETIC,SYN-BD-B-03-S004,B,backdoor,0.03,4,0.9366428216047856,0.9259614402734148,,0.6593079284102439,0.9044456240952212,0.9465453312824608,0.75,,1.839110471788717,700.516861098152,50185029.124791145,1777.802197620546,47.86017334441294
SYNTHETIC,SYN-BD-C-03-S004,C,backdoor,0.03,4,0.93605418800535,0.9259614402734148,,1.0,0.9802479766275672,0.9992236094351616,1.0,,4.470017088279803,712.2743404939175,64685678.14349365,1776.387698438465,61.689069884771015
SYNTHETIC,SYN-BD-A-05-S004,A,backdoor,0.05,4,0.9317181481882932,1.0,,0.3712042916406839,0.6966183730281674,0.9543725013018136,0.75,,0.4760303027058886,690.2203586283186,51943.5757209564,1733.841594953917,0.04953725406737938
SYNTHETIC,SYN-BD-B-05-S004,B,backdoor,0.05,4,0.932009735452126,1.0,,0.6047817925879434,0.8111708334681164,0.9629995056348524,0.75,,0.8850412894711281,700.9742964932188,50039023.76344791,1777.2501770909196,47.720931781242285
SYNTHETIC,SYN-BD-C-05-S004,C,backdoor,0.05,4,0.9320348217761047,1.0,,0.974862743274119,0.992688429641608,0.9696477731209944,1.0,,3.561169943400519,708.6372276312079,66103092.13933948,1772.014561150484,63.04082120832393
SYNTHETIC,SYN-CLEAN-A-00-S005,A,none,0.0,5,0.933326803144776,,,0.4450302770238723,0.6530338912077774,1.0,,False,0.3418432303329181,686.7581698251946,42496.34027261131,1701.5468728617875,0.040527668259249985
SYNTHETIC,SYN-CLEAN-B-00-S005,B,none,0.0,5,0.933149590809681,,,0.6344552176756872,0.9231048025391336,0.9676676831640788,,True,1.529578952647856,692.3638758010547,49938644.8058434,1789.7389882613084,47.62520294746723
SYNTHETIC,SYN-CLEAN-C-00-S005,C,none,0.0,5,0.9331916394966928,,,0.9924745517379132,1.0,0.9861730553695084,,True,4.869694106745286,709.1009107643732,63455455.793844886,1768.5417208492,60.51583842644204
SYNTHETIC,SYN-LF-A-01-S005,A,label_flip,0.01,5,0.9280047095385074,,0.0720750449262301,0.4431207380772905,0.6980157887095471,0.9632578922217552,0.75,,0.5166722385223753,684.3838680247691,54763.6031223623,1725.5734369248014,0.052226641771662044
SYNTHETIC,SYN-LF-B-01-S005,B,label_flip,0.01,5,0.9276661157361848,,0.0720750449262301,0.6349295499605605,0.8926944936582485,0.9904044499532731,0.75,,2.1299774383182672,695.0805130062691,48863206.18209905,1779.3180427893233,46.59958475313096
SYNTHETIC,SYN-LF-C-01-S005,C,label_flip,0.01,5,0.92752271893058,,0.0720750449262301,0.9741423689252078,0.9886171344656408,0.9634284733432164,1.0,,5.402952740467537,711.3096199053246,64229504.5606554,1765.613218233477,61.254028854995155
SYNTHETIC,SYN-LF-A-03-S005,A,label_flip,0.03,5,0.9104288942397806,,0.2407445096776734,0.3784103930291579,0.7573493316395448,0.9619083911914454,0.75,,0.5150261378691406,679.012707089066,52727.94457147593,1747.3999909124384,0.050285286494708946
SYNTHETIC,SYN-LF-B-03-S005,B,label_flip,0.03,5,0.9097382847654338,,0.2407445096776734,0.639266712020418,0.9543433372130689,0.9985887174625752,0.75,,2.3513338109251043,699.3612207666442,48106238.393035725,1776.3038111206197,45.87768401435444
SYNTHETIC,SYN-LF-C-03-S005,C,label_flip,0.03,5,0.9115859687821044,,0.2407445096776734,0.9750151402762076,0.9899742732917736,1.0,1.0,,4.971051730090331,705.2813277536138,62673560.09332528,1784.8537656241342,59.770164578748016
SYNTHETIC,SYN-LF-A-05-S005,A,label_flip,0.05,5,0.8976753607282546,,0.3829728720468168,0.4812454721550377,0.7301171067926097,0.9960349528846432,0.75,,0.2877600224467822,681.4904978516718,57108.23743545586,1729.4470066146444,0.054462659297424186
SYNTHETIC,SYN-LF-B-05-S005,B,label_flip,0.05,5,0.8987174613296923,,0.3829728720468168,0.5745069852294346,0.9197576503550056,0.9546857804696224,0.75,,1.2733075785005463,694.8095417537958,50043418.568444654,1766.0452218186924,47.725122993893294
SYNTHETIC,SYN-LF-C-05-S005,C,label_flip,0.05,5,0.8984998706856421,,0.3829728720468168,0.9871022109019036,0.985490561343013,0.9746027470520792,1.0,,2.592675088943324,708.7759679948224,64657691.11259477,1776.488264365305,61.66237937221028
SYNTHETIC,SYN-BD-A-01-S005,A,backdoor,0.01,5,0.9334701963786268,0.9226150609782744,,0.4534795849123064,0.7046430032357206,0.98612118340965,0.75,,0.3451439349606985,687.8312205174254,48202.89461277666,1723.9663095638064,0.04596986256864229
SYNTHETIC,SYN-BD-B-01-S005,B,backdoor,0.01,5,0.9326938260918708,0.9226150609782744,,0.6608095989822714,0.907063443241796,0.9787921570242246,0.75,,1.967468715785532,697.1419665925015,50159388.90810605,1780.8971192237848,47.83572092829328
SYNTHETIC,SYN-BD-C-01-S005,C,backdoor,0.01,5,0.933187554745162,0.9226150609782744,,0.9950258275524824,1.0,0.9450298169550118,1.0,,3.949923713448552,708.6865195668873,65662021.95804647,1813.9220045973996,62.62018390469215
SYNTHETIC,SYN-BD-A-03-S005,A,backdoor,0.03,5,0.938115396303539,0.9710410159563424,,0.4600487898171951,0.6704111294802552,0.963826594504278,0.75,,0.5294684999503725,688.5624760101484,49569.45532452726,1721.6758247868715,0.047273116421248686
SYNTHETIC,SYN-BD-B-03-S005,B,backdoor,0.03,5,0.9385650420141316,0.9710410159563424,,0.5310377103071052,0.9280688298925868,0.9475228564738536,0.75,,1.776787467060562,699.0119579780439,50297785.09384021,1784.1023595666964,47.967705816116535
SYNTHETIC,SYN-BD-C-03-S005,C,backdoor,0.03,5,0.9386655580280908,0.9710410159563424,,0.971504157437101,1.0,0.9102605303220294,1.0,,4.289756764016158,708.9267002400028,63058996.920522764,1792.9281796997277,60.13774578144337
SYNTHETIC,SYN-BD-A-05-S005,A,backdoor,0.05,5,0.9342247209603014,0.96531696183824,,0.4072781005772024,0.6665567259663845,0.9361558870395345,0.75,,0.3416404146029927,683.9780204031545,48509.777407826514,1719.2160186069302,0.0462625288084283
SYNTHETIC,SYN-BD-B-05-S005,B,backdoor,0.05,5,0.9342652525724404,0.96531696183824,,0.6081247685449941,0.8612387986692814,0.9824115695584767,0.75,,2.088773186695576,700.3938330444905,49912926.06004252,1761.4979746994654,47.600675640146754
SYNTHETIC,SYN-BD-C-05-S005,C,backdoor,0.05,5,0.934528260161469,0.96531696183824,,0.9398880802889064,0.9866907138442816,1.0,1.0,,3.1029666947409504,705.1200786650444,63089780.59022936,1761.0496602911617,60.16710337660729
