data_origin,metric,pipeline,rq,n,mean,median,sd,min,max,q1,q3,iqr,ci_low,ci_high,ci_method
SYNTHETIC,evidence_completeness,A,"RQ1, RQ3",35,0.4143133734667646,0.4072781005772024,0.03378080926491148,0.3579816517043185,0.4936148767714027,0.39063868463348544,0.4385341850586556,0.04789550042517016,0.40270925948151387,0.42591748745201535,"t (95%, df=34)"
SYNTHETIC,evidence_completeness,B,"RQ1, RQ3",35,0.6283327653471069,0.6349295499605605,0.041353589960562896,0.5310377103071052,0.7169342012059773,0.603684810932178,0.6548169280132394,0.05113211708106147,0.6141273101776199,0.6425382205165939,"t (95%, df=34)"
SYNTHETIC,evidence_completeness,C,"RQ1, RQ3",35,0.9720660206549494,0.9725996465804276,0.0191633004903123,0.9279835859539142,1.0,0.9586321993148665,0.9863683382190661,0.02773613890419957,0.9654831966178066,0.9786488446920922,"t (95%, df=34)"
SYNTHETIC,event_recovery_rate,A,"RQ2, RQ3",35,0.6883382276946737,0.688472945889768,0.039668241376443196,0.6036310029237995,0.7804443430278154,0.6668496856571058,0.7083648370624731,0.04151515140536732,0.6747117100195977,0.7019647453697496,"t (95%, df=34)"
SYNTHETIC,event_recovery_rate,B,"RQ2, RQ3",35,0.9148247005807931,0.9153682523845182,0.03524478384297077,0.8111708334681164,0.9905975219850864,0.8965978873959743,0.9375633457682921,0.0409654583723178,0.9027176937328496,0.9269317074287367,"t (95%, df=34)"
SYNTHETIC,event_recovery_rate,C,"RQ2, RQ3",35,0.9866907022212343,0.9918418310277836,0.015474363404535299,0.9415163296780772,1.0,0.982485309424485,0.9989914176187928,0.016506108194307867,0.9813750724094306,0.9920063320330381,"t (95%, df=34)"
SYNTHETIC,timeline_kendall_tau_b,A,"RQ2, RQ3",35,0.9765789163460428,0.9791723129780396,0.018057256277481042,0.9361558870395345,1.0,0.9622498262963997,0.9912714124530485,0.02902158615664885,0.970376031789265,0.9827818009028205,"t (95%, df=34)"
SYNTHETIC,timeline_kendall_tau_b,B,"RQ2, RQ3",35,0.9731882949804602,0.9787921570242246,0.021415282148397108,0.9032440734140572,1.0,0.9618579898310775,0.9871993876025746,0.02534139777149713,0.9658318881777839,0.9805447017831366,"t (95%, df=34)"
SYNTHETIC,timeline_kendall_tau_b,C,"RQ2, RQ3",35,0.9790579653480949,0.9857641748457364,0.022022202364928915,0.9102605303220294,1.0,0.9699390480970518,0.9991178149834676,0.029178766886415852,0.9714930741566238,0.9866228565395659,"t (95%, df=34)"
SYNTHETIC,rci_score,A,RQ3,30,0.75,0.75,0.0,0.75,0.75,0.75,0.75,0.0,0.75,0.75,degenerate (sd=0)
SYNTHETIC,rci_score,B,RQ3,30,0.75,0.75,0.0,0.75,0.75,0.75,0.75,0.0,0.75,0.75,degenerate (sd=0)
SYNTHETIC,rci_score,C,RQ3,30,1.0,1.0,0.0,1.0,1.0,1.0,1.0,0.0,1.0,1.0,degenerate (sd=0)
SYNTHETIC,reconstruction_seconds,A,RQ3,35,0.40314639879404973,0.404027990745588,0.096307219017693,0.1641387591362987,0.5762626756359723,0.3396139822742994,0.4794602904424222,0.13984630816812282,0.3700637115700749,0.43622908601802457,"t (95%, df=34)"
SYNTHETIC,reconstruction_seconds,B,RQ3,35,1.7679837847295055,1.776787467060562,0.46051769369212686,0.8850412894711281,2.4749738103988816,1.461792014431158,2.1568556601857587,0.6950636457546007,1.6097904221039687,1.9261771473550422,"t (95%, df=34)"
SYNTHETIC,reconstruction_seconds,C,RQ3,35,3.919091459630855,3.6816353845215737,0.9240142118585287,2.592675088943324,5.945173862688991,3.113644496930726,4.538109690722921,1.4244651937921948,3.601681472371152,4.236501446890558,"t (95%, df=34)"
SYNTHETIC,evidence_total_mb,A,RQ4,35,0.05040482508450096,0.051357712888645796,0.004307765621192495,0.03965361932830193,0.059174426403329226,0.04774670279383079,0.05341425430434568,0.005667551510514894,0.048925055819707616,0.05188459434929431,"t (95%, df=34)"
SYNTHETIC,evidence_total_mb,B,RQ4,35,47.14789681113651,47.145938421505555,0.6145198221074326,45.87768401435444,48.6907554284034,46.72878995696059,47.628300988852715,0.8995110318921249,46.93680186648882,47.3589917557842,"t (95%, df=34)"
SYNTHETIC,evidence_total_mb,C,RQ4,35,60.92234528425029,60.88318547697263,0.8405398955819317,59.60519820789788,63.04082120832393,60.42563899634362,61.36603631461193,0.9403973182683103,60.63360972788768,61.2110808406129,"t (95%, df=34)"
SYNTHETIC,training_seconds,A,RQ4,35,691.0583892203862,690.2203586283186,5.7727312177238925,679.012707089066,700.474774565896,686.9349986809077,696.5613018344213,9.626303153513618,689.0753866661441,693.0413917746282,"t (95%, df=34)"
SYNTHETIC,training_seconds,B,RQ4,35,704.8988814621393,705.296201369763,6.0621611794917785,692.3638758010547,714.7859137667839,700.5781379383145,709.7505647515964,9.172426813281845,702.8164562374467,706.981306686832,"t (95%, df=34)"
SYNTHETIC,training_seconds,C,RQ4,35,715.0469120448913,715.8280907644918,5.589325678416466,705.1200786650444,726.0352725856135,711.0559531258268,719.5294856593335,8.473532533506727,713.1269114977048,716.9669125920778,"t (95%, df=34)"
SYNTHETIC,peak_rss_mb,A,RQ4,35,1722.489646249742,1721.0239592835212,14.464716694012838,1693.457100297152,1755.5023822195503,1714.599032992322,1728.4845290993985,13.885496107076506,1717.5208422176838,1727.4584502818002,"t (95%, df=34)"
SYNTHETIC,peak_rss_mb,B,RQ4,35,1776.7477837678248,1779.3180427893233,11.9207574203559,1750.5532620204042,1797.5465976390626,1771.7390382359838,1783.797798858132,12.058760622148156,1772.652860321452,1780.8427072141976,"t (95%, df=34)"
SYNTHETIC,peak_rss_mb,C,RQ4,35,1776.0235751646,1776.387698438465,15.896204219633299,1739.1324680484122,1813.9220045973996,1765.6272229083015,1783.5485995686186,17.921376660317037,1770.563037962815,1781.484112366385,"t (95%, df=34)"
