data_origin,experiment_id,pipeline,attack_type,poison_rate,seed,clean_test_accuracy,attack_success_rate,source_to_target_rate,evidence_completeness,event_recovery_rate,timeline_kendall_tau_b,rci_score,clean_control_correct,reconstruction_seconds,training_seconds,evidence_total_bytes,peak_rss_mb
SYNTHETIC,SYN-CLEAN-A-00-S001,A,none,0.0,1,0.9314974503375641,,,0.3873290381909076,0.6484121002566839,1.0,,False,0.33758754994560614,686.806958369418,55118.47420390716,1719.763527251776
SYNTHETIC,SYN-CLEAN-B-00-S001,B,none,0.0,1,0.9307859834432292,,,0.6143834013831992,0.8807138691205773,0.9413271003824886,,True,2.253311188653365,702.644161169586,49348525.32650332,1786.1799868225514
SYNTHETIC,SYN-CLEAN-C-00-S001,C,none,0.0,1,0.9305552541125747,,,0.9379992859260314,0.9459640998502544,1.0,,True,3.6816353845215737,711.2115162018076,64028042.51504024,1765.641227583126
SYNTHETIC,SYN-LF-A-01-S001,A,label_flip,0.01,1,0.9256209805850344,,0.07474316112372884,0.40591395938600794,0.7059637868403285,0.9912561355641842,0.75,,0.4990794897131883,687.0630389923974,46723.8108858498,1719.216207648832
SYNTHETIC,SYN-LF-B-01-S001,B,label_flip,0.01,1,0.9259345737458503,,0.07474316112372884,0.650325927616235,0.9117647262821795,0.9866257043004518,0.75,,1.4426496129371966,700.6394147784769,48503908.36782258,1767.21937895846
SYNTHETIC,SYN-LF-C-01-S001,C,label_flip,0.01,1,0.9252694800833254,,0.07474316112372884,0.9606871888654954,0.9853320474085184,0.9870202419744142,1.0,,4.536492083381539,713.4444457292079,64991161.544893645,1760.6851101505574
SYNTHETIC,SYN-LF-A-03-S001,A,label_flip,0.03,1,0.9139889205511561,,0.2535355415853256,0.43609041235595736,0.7349617740458861,1.0,0.75,,0.3324419043735228,690.8051071256618,55817.96257488549,1745.9227968743423
SYNTHETIC,SYN-LF-B-03-S001,B,label_flip,0.03,1,0.9138832148765014,,0.2535355415853256,0.6439673624850808,0.8759568053671889,0.9661606692747413,0.75,,1.7732472218147903,705.2428383000348,51055957.56409352,1777.7108232230482
SYNTHETIC,SYN-LF-C-03-S001,C,label_flip,0.03,1,0.9152983158688177,,0.2535355415853256,0.9555455895427326,0.9820316795214905,0.9946601677079956,1.0,,3.4592460864546783,717.4112133926474,63479077.92898687,1795.0054449426857
SYNTHETIC,SYN-LF-A-05-S001,A,label_flip,0.05,1,0.9043039962310698,,0.4258229507118811,0.3626437701074869,0.7320902672702277,0.9842034948150825,0.75,,0.4631086256230727,689.5217106384239,57350.139304917466,1714.775795198583
SYNTHETIC,SYN-LF-B-05-S001,B,label_flip,0.05,1,0.9039969233721477,,0.4258229507118811,0.6736635656919109,0.908121407720395,0.9908023586281713,0.75,,2.3633135462081674,704.0487166929352,49195247.72937378,1788.7792346541244
SYNTHETIC,SYN-LF-C-05-S001,C,label_flip,0.05,1,0.9042976696586759,,0.4258229507118811,1.0,0.9415163296780772,0.9921965694595959,1.0,,3.085738454129732,707.2548294605027,63840647.09470205,1778.5892785739338
SYNTHETIC,SYN-BD-A-01-S001,A,backdoor,0.01,1,0.9319098296543282,0.9164752150128158,,0.40702713136204716,0.7184803122692807,0.9912866893419128,0.75,,0.4173275000118218,688.1640870877209,51596.37481625569,1717.811539665077
SYNTHETIC,SYN-BD-B-01-S001,B,backdoor,0.01,1,0.9320360925735233,0.9164752150128158,,0.6115938071398179,0.9310843905480629,0.9443045963365669,0.75,,1.1427816279374023,708.6652890533394,48576034.162339866,1750.5532620204042
SYNTHETIC,SYN-BD-C-01-S001,C,backdoor,0.01,1,0.9325313754395271,0.9164752150128158,,0.9406888240995193,0.9700931505366759,0.9781200118766045,1.0,,5.32637383946366,716.9060781281672,62641030.952335134,1739.1324680484122
SYNTHETIC,SYN-BD-A-03-S001,A,backdoor,0.03,1,0.933757585432642,0.9912226023618612,,0.3699602741628201,0.6456425880328549,1.0,0.75,,0.2644322239744078,684.7251656299247,50562.637932960555,1712.7399523109796
SYNTHETIC,SYN-BD-B-03-S001,B,backdoor,0.03,1,0.9336564963526366,0.9912226023618612,,0.6287424827544398,0.9905975219850864,0.9750206172201659,0.75,,2.397178764284302,706.0188442905796,49071371.85858399,1765.0674016686462
SYNTHETIC,SYN-BD-C-03-S001,C,backdoor,0.03,1,0.933213639264032,0.9912226023618612,,0.9822241400639359,0.9966105463735698,1.0,1.0,,4.007956114462257,710.900390049846,63466488.58794323,1757.729539292628
SYNTHETIC,SYN-BD-A-05-S001,A,backdoor,0.05,1,0.9331368797641579,1.0,,0.44097795776135396,0.7804443430278154,0.9809657604070569,0.75,,0.5762626756359723,690.7861542672728,54495.459386312396,1725.259169900608
SYNTHETIC,SYN-BD-B-05-S001,B,backdoor,0.05,1,0.9332548855251499,1.0,,0.6453915602109791,0.9095432105907967,0.9601474832614285,0.75,,1.9150112405126025,707.0416324103771,49872221.78644119,1784.4125263471383
SYNTHETIC,SYN-BD-C-05-S001,C,backdoor,0.05,1,0.9334014840009319,1.0,,0.970938102528563,0.999947658490962,0.9920143534583735,1.0,,2.8469076009000363,715.71282130871,63616487.91876622,1767.771639168082
SYNTHETIC,SYN-CLEAN-A-00-S002,A,none,0.0,2,0.9305745899581677,,,0.40023134128241455,0.7093156564981343,0.9932111289650729,,False,0.39648739742078043,700.474774565896,53165.51924462073,1723.5664729205812
SYNTHETIC,SYN-CLEAN-B-00-S002,B,none,0.0,2,0.9303541203548006,,,0.570119219788135,0.9401308595020147,0.9810873237219474,,True,1.5392200238667022,709.4135762393593,49355138.514532134,1779.2433394936352
SYNTHETIC,SYN-CLEAN-C-00-S002,C,none,0.0,2,0.9311822414428141,,,0.9564034658348597,0.9947767713035044,0.9903025346946928,,True,4.011973566978724,717.4114332057939,64157932.291242465,1805.570068787539
SYNTHETIC,SYN-LF-A-01-S002,A,label_flip,0.01,2,0.92931462065876,,0.08476936080081535,0.40722608466169663,0.608038449992033,0.9791723129780396,0.75,,0.31423040413666375,696.5701913971143,49302.14855140815,1708.8319060425354
SYNTHETIC,SYN-LF-B-01-S002,B,label_flip,0.01,2,0.9292212401094767,,0.08476936080081535,0.6735056513839001,0.9536566278870655,0.9848317255120771,0.75,,1.743694722566046,711.8435745783678,49017551.681567565,1783.4932381495676
SYNTHETIC,SYN-LF-C-01-S002,C,label_flip,0.01,2,0.9291214216137096,,0.08476936080081535,0.9672791747071214,0.9955886977022025,0.9857641748457365,1.0,,2.98368621726412,723.8020542811511,64348745.165981665,1780.2147532339734
SYNTHETIC,SYN-LF-A-03-S002,A,label_flip,0.03,2,0.9223884289537355,,0.2800947043231714,0.38968643444917117,0.7074140176268118,0.9547181865343953,0.75,,0.5515760542150949,691.8442096993352,58973.44218378933,1714.0518586078385
SYNTHETIC,SYN-LF-B-03-S002,B,label_flip,0.03,2,0.9211457240291591,,0.2800947043231714,0.6171178035538148,0.8816164501331475,0.9655319366761552,0.75,,1.4809344159251194,707.8793212282939,49855313.18996605,1779.0005946837557
SYNTHETIC,SYN-LF-C-03-S002,C,label_flip,0.03,2,0.921783862748538,,0.2800947043231714,0.9279835859539142,0.9895657064672866,1.0,1.0,,3.364821288644184,719.4691800627909,62591122.291981496,1784.1776728522666
SYNTHETIC,SYN-LF-A-05-S002,A,label_flip,0.05,2,0.8987177970304108,,0.39943899174665765,0.3992057340471549,0.6876360877583506,0.9745740119441587,0.75,,0.30771685735101534,696.5524122717285,51454.823653929685,1693.457100297152
SYNTHETIC,SYN-LF-B-05-S002,B,label_flip,0.05,2,0.8982821238059883,,0.39943899174665765,0.6414303786936619,0.890158602511484,0.9032440734140571,0.75,,2.3402111767085083,709.727329386322,49436099.52626861,1779.0520146962263
SYNTHETIC,SYN-LF-C-05-S002,C,label_flip,0.05,2,0.8991372954865435,,0.39943899174665765,0.9527508362580295,0.9833931853551628,0.9419368621982295,1.0,,4.877647322566255,720.6801757278188,62544451.2433377,1781.5649019524049
SYNTHETIC,SYN-BD-A-01-S002,A,backdoor,0.01,2,0.9285381247494043,0.911449369551059,,0.4554173385065117,0.6229570635749415,0.9737401212294666,0.75,,0.41352902231333216,697.4135448365953,54959.90091783451,1727.5220515841525
SYNTHETIC,SYN-BD-B-01-S002,B,backdoor,0.01,2,0.9285610147616615,0.911449369551059,,0.6481116829583136,0.9005012811337001,0.9866374329250428,0.75,,1.051708703674691,711.6246819866337,49620487.869235486,1793.6275661385894
SYNTHETIC,SYN-BD-C-01-S002,C,backdoor,0.01,2,0.9286160206234781,0.911449369551059,,0.955654989503595,0.9922218994563372,1.0,1.0,,4.192542942794762,715.8280907644918,63980277.48478391,1766.2029014449106
SYNTHETIC,SYN-BD-A-03-S002,A,backdoor,0.03,2,0.9309334703413686,0.9492622424133577,,0.40953110591766295,0.6791282481830202,0.9904836196996049,0.75,,0.4609530215159641,696.5746095306085,62048.88334029735,1736.9132408819205
SYNTHETIC,SYN-BD-B-03-S002,B,backdoor,0.03,2,0.9302345876581197,0.9492622424133577,,0.600139604845757,0.9629070365819657,1.0,0.75,,2.367397712907004,709.7738001168706,48985752.882547945,1757.2936123917057
SYNTHETIC,SYN-BD-C-03-S002,C,backdoor,0.03,2,0.9303029215447328,0.9492622424133577,,0.957282929222545,1.0,0.9772313685936508,1.0,,2.816878066174464,726.0352725856135,62826643.48898439,1758.044832596793
SYNTHETIC,SYN-BD-A-05-S002,A,backdoor,0.05,2,0.9295210263002275,1.0,,0.42117391984211316,0.7185596402699934,0.977492335150414,0.75,,0.48365219169048684,695.3741057592509,56249.0821345929,1714.4222707860608
SYNTHETIC,SYN-BD-B-05-S002,B,backdoor,0.05,2,0.9292671619623097,1.0,,0.5810613133317344,0.9293121322979371,0.9806510985276333,0.75,,1.244597680617846,707.4644286477768,49524991.09890668,1797.5465976390626
SYNTHETIC,SYN-BD-C-05-S002,C,backdoor,0.05,2,0.9289192874014869,1.0,,1.0,0.975356770172235,0.9667139909305722,1.0,,2.6647805038175365,720.1739285799567,63947446.26348706,1764.2548615535386
SYNTHETIC,SYN-CLEAN-A-00-S003,A,none,0.0,3,0.9305540557662272,,,0.400446517861941,0.6924170205601207,0.957673873998294,,False,0.5490892824949065,698.839965547591,41579.83354079352,1717.0016446183731
SYNTHETIC,SYN-CLEAN-B-00-S003,B,none,0.0,3,0.9305257631181869,,,0.7169342012059773,0.9215575111528218,0.9975694016558566,,True,1.681588622888237,714.7859137667839,48237561.338915415,1776.2586975135075
SYNTHETIC,SYN-CLEAN-C-00-S003,C,none,0.0,3,0.9301827409486744,,,0.9626186884237998,1.0,0.9530733590182544,,True,4.486375814383352,721.1754814849427,63266293.87861514,1767.569977689575
SYNTHETIC,SYN-LF-A-01-S003,A,label_flip,0.01,3,0.9236802216512201,,0.06484320413423739,0.4725848650951524,0.6408823275026584,0.9604154733973145,0.75,,0.371984154042667,693.2025379407187,55205.79039375107,1705.679018867528
SYNTHETIC,SYN-LF-B-01-S003,B,label_flip,0.01,3,0.9225219770033951,,0.06484320413423739,0.6262176993374986,0.9408475063316065,0.987354070493991,0.75,,2.1332906077225373,711.5415134727778,49469870.495833844,1781.9509489370132
SYNTHETIC,SYN-LF-C-01-S003,C,label_flip,0.01,3,0.9237032156179554,,0.06484320413423739,0.9759101326164473,0.9980351767466237,0.9308545867663538,1.0,,3.0086662733502707,716.9598015258094,64204051.578968376,1781.717322372685
SYNTHETIC,SYN-LF-A-03-S003,A,label_flip,0.03,3,0.9156731513919689,,0.20301804763841252,0.3579816517043185,0.6918390872230593,0.9869409518591414,0.75,,0.4465040668479262,699.3815276582089,56829.09621172812,1714.9453965225955
SYNTHETIC,SYN-LF-B-03-S003,B,label_flip,0.03,3,0.9145983422314823,,0.20301804763841252,0.6025878292764124,0.9137303262454709,0.9482710688582685,0.75,,1.1954373914997074,711.1155737987041,48948726.08836569,1780.6801093807933
SYNTHETIC,SYN-LF-C-03-S003,C,label_flip,0.03,3,0.9150594310438595,,0.20301804763841252,0.9856344655362286,0.9918418310277837,0.9702303230731093,1.0,,3.1757964219781956,722.3896554304499,63692072.01461035,1766.8650304097137
SYNTHETIC,SYN-LF-A-05-S003,A,label_flip,0.05,3,0.9030442195084838,,0.38160236186079527,0.40261127887451215,0.7057328305543368,0.9625912614013541,0.75,,0.37100956538750746,699.718254887408,51958.79680460457,1752.2726818046099
SYNTHETIC,SYN-LF-B-05-S003,B,label_flip,0.05,3,0.9021269710217807,,0.38160236186079527,0.6351297470527342,0.8523300988785276,0.9607164740273029,0.75,,1.7943242724734687,714.5431239951349,49956267.678962484,1753.9253447566123
SYNTHETIC,SYN-LF-C-05-S003,C,label_flip,0.05,3,0.9028743280469778,,0.38160236186079527,0.9678861844145854,0.9979634162674513,0.9995255044812705,1.0,,3.26197308375424,719.2179143514414,62500580.316044725,1785.4332909368416
SYNTHETIC,SYN-BD-A-01-S003,A,backdoor,0.01,3,0.9349788864209277,0.8942759646235687,,0.4077666732179751,0.6879538435246138,0.9898358071131098,0.75,,0.28745051483550066,697.4673691520492,53450.845173805596,1721.0239592835212
SYNTHETIC,SYN-BD-B-01-S003,B,backdoor,0.01,3,0.9347827895663638,0.8942759646235687,,0.6877507071865435,0.9634233739004521,0.9678389703008564,0.75,,1.5551832360973874,711.5475491279561,49945141.86953104,1783.1751926232
SYNTHETIC,SYN-BD-C-01-S003,C,backdoor,0.01,3,0.9352625500549907,0.8942759646235687,,0.9725996465804277,0.9829389393274794,1.0,1.0,,5.945173862688991,719.5897912558762,63967814.51470597,1774.5967909240471
SYNTHETIC,SYN-BD-A-03-S003,A,backdoor,0.03,3,0.9318867937883201,0.9571853066293838,,0.387940508825548,0.6671426453478272,0.964406114654588,0.75,,0.40053898726705695,700.2742007957995,49350.23643934698,1740.7082492726208
SYNTHETIC,SYN-BD-B-03-S003,B,backdoor,0.03,3,0.9318002265806423,0.9571853066293838,,0.669100376181198,0.9442366241078625,1.0,0.75,,2.4749738103988816,710.4328041781877,49011622.43327187,1779.3724004055564
SYNTHETIC,SYN-BD-C-03-S003,C,backdoor,0.03,3,0.9302992043221349,0.9571853066293838,,0.9904621442609706,0.9565739164083769,0.9650004197109071,1.0,,3.4599874989934474,722.5036751686325,63795284.22433192,1809.8192761417406
SYNTHETIC,SYN-BD-A-05-S003,A,backdoor,0.05,3,0.9340191859147663,1.0,,0.37694658437719464,0.6532335373513405,1.0,0.75,,0.3952164592096184,694.4055785101134,56199.84766798167,1708.6065569622099
SYNTHETIC,SYN-BD-B-05-S003,B,backdoor,0.05,3,0.933341069901196,1.0,,0.5311690776907269,0.927189933098685,0.9672188247496121,0.75,,1.8269695198023033,709.703763257637,50000733.67070888,1757.6476863948235
SYNTHETIC,SYN-BD-C-05-S003,C,backdoor,0.05,3,0.9334072948695445,1.0,,0.9599814694071879,0.9611740521721881,0.9990120205317737,1.0,,4.539727298064303,721.8772968096492,63730681.475712955,1778.7542628466394
SYNTHETIC,SYN-CLEAN-A-00-S004,A,none,0.0,4,0.93680420098768,,,0.39159093481779983,0.7438583055182396,1.0,,False,0.40402799074558804,687.8687112302996,57739.323043727614,1755.5023822195503
SYNTHETIC,SYN-CLEAN-B-00-S004,B,none,0.0,4,0.936326808228155,,,0.6448639601769302,0.9349958320345696,0.9707394727417781,,True,1.7070873602983885,701.4340331598748,48891163.588984124,1752.1877261006553
SYNTHETIC,SYN-CLEAN-C-00-S004,C,none,0.0,4,0.9367520362814957,,,1.0,0.9754479315936138,0.9913088548907277,,True,2.983596453843191,715.9867227684263,65288028.598666675,1782.9195262849707
SYNTHETIC,SYN-LF-A-01-S004,A,label_flip,0.01,4,0.9261824592829673,,0.11282610068367012,0.4079730315996089,0.6036310029237995,0.9480405035359348,0.75,,0.16413875913629875,692.93895226122,53852.465149924654,1727.3247542509039
SYNTHETIC,SYN-LF-B-01-S004,B,label_flip,0.01,4,0.9269393318750835,,0.11282610068367012,0.6774565109163354,0.945331474506938,1.0,0.75,,1.1728292292530207,701.9085774385941,49708160.38785443,1789.3871023476627
SYNTHETIC,SYN-LF-C-01-S004,C,label_flip,0.01,4,0.9261529508076709,,0.11282610068367012,0.9725720187626644,1.0,0.9748178513926732,1.0,,4.953336815979973,711.7062115564657,64708451.76633957,1765.2488363982307
SYNTHETIC,SYN-LF-A-03-S004,A,label_flip,0.03,4,0.9130878990334679,,0.2382911005221716,0.41505521070038853,0.6870171800175704,0.9590416094255059,0.75,,0.4056921061197924,684.9890156409217,54761.68320095446,1719.9026664741225
SYNTHETIC,SYN-LF-B-03-S004,B,label_flip,0.03,4,0.914245814609608,,0.2382911005221716,0.5873112049974375,0.9149648056682671,1.0,0.75,,2.2679661174499315,702.252633969302,48679758.272282764,1781.9104990785668
SYNTHETIC,SYN-LF-C-03-S004,C,label_flip,0.03,4,0.9143761131562561,,0.2382911005221716,0.9850993697401649,0.9940916826695211,0.9719523234776832,1.0,,3.5617212577303623,716.5117272549646,64613535.476468675,1782.9182813232553
SYNTHETIC,SYN-LF-A-05-S004,A,label_flip,0.05,4,0.9029685317922623,,0.3577890896425594,0.4273434345857494,0.688472945889768,0.9513863593895078,0.75,,0.2554921677444535,685.088242746643,54444.13598269965,1721.3579234688748
SYNTHETIC,SYN-LF-B-05-S004,B,label_flip,0.05,4,0.9031135999191812,,0.3577890896425594,0.6670382275288121,0.9153682523845182,0.9870447047111582,0.75,,2.1804207126489805,695.2174882270372,49419090.671077006,1781.9762729702563
SYNTHETIC,SYN-LF-C-05-S004,C,label_flip,0.05,4,0.9028284416531323,,0.3577890896425594,0.9855171025499961,1.0,0.9732511526822201,1.0,,5.600636665507113,711.4470915225684,63672528.95496925,1793.2957177029316
SYNTHETIC,SYN-BD-A-01-S004,A,backdoor,0.01,4,0.930474845162707,0.9372710633273814,,0.4936148767714027,0.6753460677703351,0.9821165401723196,0.75,,0.40411992646937195,689.174239635989,44970.56133475703,1695.3978591707178
SYNTHETIC,SYN-BD-B-01-S004,B,backdoor,0.01,4,0.9307561302398285,0.9372710633273814,,0.5993132200424943,0.8769360472239769,0.9788471655729364,0.75,,0.992725035192813,705.296201369763,49102997.67857868,1785.5649822869402
SYNTHETIC,SYN-BD-C-01-S004,C,backdoor,0.01,4,0.9310576938936764,0.9372710633273814,,0.9885763077305708,1.0,0.9836761098204824,1.0,,3.124322299120502,712.9224299482734,64345160.62327938,1755.3030443001724
SYNTHETIC,SYN-BD-A-03-S004,A,backdoor,0.03,4,0.9362533480708637,0.9259614402734149,,0.4268803536391171,0.6785214894235406,0.9650323779819253,0.75,,0.48289027817895597,688.781638185456,56382.04282957043,1730.493580629705
SYNTHETIC,SYN-BD-B-03-S004,B,backdoor,0.03,4,0.9366428216047856,0.9259614402734149,,0.6593079284102439,0.9044456240952212,0.9465453312824607,0.75,,1.839110471788717,700.516861098152,50185029.124791145,1777.802197620546
SYNTHETIC,SYN-BD-C-03-S004,C,backdoor,0.03,4,0.9360541880053501,0.9259614402734149,,1.0,0.9802479766275672,0.9992236094351616,1.0,,4.470017088279803,712.2743404939175,64685678.14349365,1776.3876984384647
SYNTHETIC,SYN-BD-A-05-S004,A,backdoor,0.05,4,0.9317181481882931,1.0,,0.3712042916406839,0.6966183730281674,0.9543725013018135,0.75,,0.47603030270588864,690.2203586283186,51943.575720956396,1733.8415949539167
SYNTHETIC,SYN-BD-B-05-S004,B,backdoor,0.05,4,0.932009735452126,1.0,,0.6047817925879434,0.8111708334681164,0.9629995056348523,0.75,,0.8850412894711281,700.9742964932188,50039023.76344791,1777.2501770909196
SYNTHETIC,SYN-BD-C-05-S004,C,backdoor,0.05,4,0.9320348217761047,1.0,,0.974862743274119,0.992688429641608,0.9696477731209944,1.0,,3.561169943400519,708.6372276312079,66103092.13933948,1772.014561150484
SYNTHETIC,SYN-CLEAN-A-00-S005,A,none,0.0,5,0.9333268031447759,,,0.4450302770238723,0.6530338912077774,1.0,,False,0.34184323033291814,686.7581698251946,42496.34027261131,1701.5468728617875
SYNTHETIC,SYN-CLEAN-B-00-S005,B,none,0.0,5,0.933149590809681,,,0.6344552176756872,0.9231048025391335,0.9676676831640789,,True,1.529578952647856,692.3638758010547,49938644.8058434,1789.7389882613084
SYNTHETIC,SYN-CLEAN-C-00-S005,C,none,0.0,5,0.9331916394966927,,,0.9924745517379133,1.0,0.9861730553695083,,True,4.869694106745286,709.1009107643732,63455455.793844886,1768.5417208492
SYNTHETIC,SYN-LF-A-01-S005,A,label_flip,0.01,5,0.9280047095385074,,0.07207504492623014,0.4431207380772905,0.6980157887095471,0.9632578922217551,0.75,,0.5166722385223753,684.3838680247691,54763.6031223623,1725.5734369248014
SYNTHETIC,SYN-LF-B-01-S005,B,label_flip,0.01,5,0.9276661157361847,,0.07207504492623014,0.6349295499605605,0.8926944936582485,0.9904044499532733,0.75,,2.1299774383182672,695.0805130062691,48863206.18209905,1779.3180427893233
SYNTHETIC,SYN-LF-C-01-S005,C,label_flip,0.01,5,0.9275227189305801,,0.07207504492623014,0.9741423689252078,0.9886171344656409,0.9634284733432165,1.0,,5.402952740467537,711.3096199053246,64229504.5606554,1765.613218233477
SYNTHETIC,SYN-LF-A-03-S005,A,label_flip,0.03,5,0.9104288942397806,,0.24074450967767344,0.37841039302915797,0.7573493316395448,0.9619083911914454,0.75,,0.5150261378691406,679.012707089066,52727.94457147593,1747.3999909124384
SYNTHETIC,SYN-LF-B-03-S005,B,label_flip,0.03,5,0.9097382847654338,,0.24074450967767344,0.639266712020418,0.9543433372130687,0.9985887174625752,0.75,,2.3513338109251043,699.3612207666442,48106238.393035725,1776.3038111206197
SYNTHETIC,SYN-LF-C-03-S005,C,label_flip,0.03,5,0.9115859687821044,,0.24074450967767344,0.9750151402762076,0.9899742732917735,1.0,1.0,,4.971051730090331,705.2813277536138,62673560.09332528,1784.8537656241342
SYNTHETIC,SYN-LF-A-05-S005,A,label_flip,0.05,5,0.8976753607282546,,0.38297287204681685,0.48124547215503777,0.7301171067926097,0.9960349528846433,0.75,,0.2877600224467822,681.4904978516718,57108.23743545586,1729.4470066146444
SYNTHETIC,SYN-LF-B-05-S005,B,label_flip,0.05,5,0.8987174613296923,,0.38297287204681685,0.5745069852294346,0.9197576503550056,0.9546857804696224,0.75,,1.2733075785005465,694.8095417537958,50043418.568444654,1766.0452218186924
SYNTHETIC,SYN-LF-C-05-S005,C,label_flip,0.05,5,0.8984998706856421,,0.38297287204681685,0.9871022109019035,0.985490561343013,0.9746027470520792,1.0,,2.5926750889433237,708.7759679948224,64657691.11259477,1776.488264365305
SYNTHETIC,SYN-BD-A-01-S005,A,backdoor,0.01,5,0.9334701963786267,0.9226150609782745,,0.45347958491230644,0.7046430032357206,0.9861211834096499,0.75,,0.3451439349606985,687.8312205174254,48202.89461277666,1723.9663095638064
SYNTHETIC,SYN-BD-B-01-S005,B,backdoor,0.01,5,0.9326938260918709,0.9226150609782745,,0.6608095989822714,0.907063443241796,0.9787921570242246,0.75,,1.9674687157855322,697.1419665925015,50159388.90810605,1780.8971192237848
SYNTHETIC,SYN-BD-C-01-S005,C,backdoor,0.01,5,0.933187554745162,0.9226150609782745,,0.9950258275524825,1.0,0.9450298169550118,1.0,,3.9499237134485514,708.6865195668873,65662021.958046466,1813.9220045973993
SYNTHETIC,SYN-BD-A-03-S005,A,backdoor,0.03,5,0.938115396303539,0.9710410159563423,,0.4600487898171951,0.6704111294802552,0.9638265945042779,0.75,,0.5294684999503725,688.5624760101484,49569.45532452726,1721.6758247868715
SYNTHETIC,SYN-BD-B-03-S005,B,backdoor,0.03,5,0.9385650420141316,0.9710410159563423,,0.5310377103071052,0.9280688298925867,0.9475228564738535,0.75,,1.7767874670605621,699.0119579780439,50297785.09384021,1784.1023595666964
SYNTHETIC,SYN-BD-C-03-S005,C,backdoor,0.03,5,0.9386655580280909,0.9710410159563423,,0.971504157437101,1.0,0.9102605303220294,1.0,,4.289756764016158,708.9267002400028,63058996.920522764,1792.9281796997277
SYNTHETIC,SYN-BD-A-05-S005,A,backdoor,0.05,5,0.9342247209603014,0.96531696183824,,0.40727810057720243,0.6665567259663845,0.9361558870395343,0.75,,0.34164041460299277,683.9780204031545,48509.777407826514,1719.2160186069302
SYNTHETIC,SYN-BD-B-05-S005,B,backdoor,0.05,5,0.9342652525724403,0.96531696183824,,0.6081247685449941,0.8612387986692814,0.9824115695584769,0.75,,2.0887731866955757,700.3938330444905,49912926.060042515,1761.4979746994654
SYNTHETIC,SYN-BD-C-05-S005,C,backdoor,0.05,5,0.934528260161469,0.96531696183824,,0.9398880802889064,0.9866907138442816,1.0,1.0,,3.1029666947409504,705.1200786650444,63089780.59022936,1761.0496602911617
